Web ID,Region ,Reported Date,Reported Year,Reported Month,Number Dead,Minimum Estimated Number of Missing,Total Dead and Missing,Number of Survivors,Number of Females,Number of Males,Number of Children,Cause of Death
45909,US-Mexico Border,3-Sep-18,2018,Sep,1,,1,,,1,,Dehydration
45902,US-Mexico Border,31-Aug-18,2018,Aug,1,,1,,,1,,Drowning
45895,US-Mexico Border,30-Aug-18,2018,Aug,1,,1,,,1,,Drowning
45894,US-Mexico Border,29-Aug-18,2018,Aug,1,,1,,,1,,Dehydration
45888,US-Mexico Border,28-Aug-18,2018,Aug,2,,2,,,2,,Drowning
45892,US-Mexico Border,27-Aug-18,2018,Aug,1,,1,,,1,,Dehydration
45882,US-Mexico Border,24-Aug-18,2018,Aug,1,,1,,,1,,Drowning
45880,US-Mexico Border,23-Aug-18,2018,Aug,1,,1,,1,,,Drowning
45867,US-Mexico Border,19-Aug-18,2018,Aug,1,,1,,,,,Dehydration
45866,US-Mexico Border,19-Aug-18,2018,Aug,2,,2,,,,,Drowning
45858,US-Mexico Border,18-Aug-18,2018,Aug,1,,1,,,1,,Dehydration
45859,US-Mexico Border,18-Aug-18,2018,Aug,1,,1,,,1,,Drowning
45853,US-Mexico Border,16-Aug-18,2018,Aug,1,,1,,1,,,Drowning
45850,Central America,15-Aug-18,2018,Aug,3,,3,,,,,Train Accident
45845,US-Mexico Border,15-Aug-18,2018,Aug,1,,1,,,1,,Drowning
45819,Europe,1-Aug-18,2018,Aug,2,,2,,,,,Shot
45818,US-Mexico Border,30-Jul-18,2018,Jul,1,,1,,,1,,Drowning
45816,Europe,29-Jul-18,2018,Jul,1,,1,,,1,1,Drowning
45815,US-Mexico Border,25-Jul-18,2018,Jul,1,,1,2,,1,,Dehydration
45756,US-Mexico Border,24-Jul-18,2018,Jul,1,,1,,,1,,Drowning
45814,US-Mexico Border,24-Jul-18,2018,Jul,1,,1,,,,,Dehydration
45757,US-Mexico Border,24-Jul-18,2018,Jul,1,,1,1,,1,,Cardiac arrest
45758,North Africa,24-Jul-18,2018,Jul,1,,1,,,1,,Shot
45827,Europe,23-Jul-18,2018,Jul,1,,1,,,1,,Stabbed
45754,US-Mexico Border,22-Jul-18,2018,Jul,1,,1,2,1,,,Dehydration
45751,US-Mexico Border,21-Jul-18,2018,Jul,1,,1,1,,1,,Dehydration
45813,US-Mexico Border,21-Jul-18,2018,Jul,1,,1,,,1,,Dehydration
45810,US-Mexico Border,21-Jul-18,2018,Jul,1,,1,,1,,,Dehydration
45753,US-Mexico Border,20-Jul-18,2018,Jul,1,,1,,,1,,Drowning
45747,Middle East,19-Jul-18,2018,Jul,2,2,4,5,1,3,3,Drowning
45752,US-Mexico Border,19-Jul-18,2018,Jul,1,,1,,,1,,Dehydration
45731,North Africa,16-Jul-18,2018,Jul,8,,8,90,1,1,6,Suffocation
45741,US-Mexico Border,15-Jul-18,2018,Jul,1,,1,3,,1,,Hyperthermia
45728,South America,12-Jul-18,2018,Jul,1,,1,,,1,,Drowning
45725,US-Mexico Border,9-Jul-18,2018,Jul,1,,1,,,1,,Drowning
45740,US-Mexico Border,6-Jul-18,2018,Jul,1,,1,,,,,Drowning
45724,US-Mexico Border,6-Jul-18,2018,Jul,1,,1,,,1,,Hyperthermia
45720,Europe,5-Jul-18,2018,Jul,1,,1,,,1,,Drowning
45716,US-Mexico Border,3-Jul-18,2018,Jul,1,,1,,,1,,Drowning
45727,US-Mexico Border,1-Jul-18,2018,Jul,1,,1,,,1,,Drowning
45739,US-Mexico Border,30-Jun-18,2018,Jun,1,,1,,,,,Dehydration
45771,US-Mexico Border,27-Jun-18,2018,Jun,1,,1,,,,,Hyperthermia
44928,US-Mexico Border,25-Jun-18,2018,Jun,1,,1,,,1,,Dehydration
45788,US-Mexico Border,24-Jun-18,2018,Jun,1,,1,,1,,,Hyperthermia
44927,US-Mexico Border,23-Jun-18,2018,Jun,1,,1,,,1,,Drowning
44939,US-Mexico Border,22-Jun-18,2018,Jun,1,,1,,,1,,Drowning
44904,US-Mexico Border,18-Jun-18,2018,Jun,1,,1,,,1,,Dehydration
44890,US-Mexico Border,17-Jun-18,2018,Jun,1,,1,,,1,,Drowning
44887,Middle East,16-Jun-18,2018,Jun,1,,1,,,,,Shot
44889,US-Mexico Border,13-Jun-18,2018,Jun,1,,1,,,1,,Drowning
45871,US-Mexico Border,11-Jun-18,2018,Jun,1,,1,,,1,,Dehydration
44888,US-Mexico Border,10-Jun-18,2018,Jun,1,,1,,,1,,Drowning
44886,Middle East,9-Jun-18,2018,Jun,1,,1,,,1,,Shot
45738,US-Mexico Border,7-Jun-18,2018,Jun,1,,1,,,,,Drowning
44931,US-Mexico Border,7-Jun-18,2018,Jun,1,,1,,,1,,Asphyxiation
44868,US-Mexico Border,7-Jun-18,2018,Jun,1,,1,,,1,,Dehydration
44885,Middle East,6-Jun-18,2018,Jun,1,,1,,,1,1,Shot
44867,Europe,6-Jun-18,2018,Jun,1,,1,,,1,,Asphyxiation
44864,US-Mexico Border,3-Jun-18,2018,Jun,1,,1,,,1,,Drowning
44837,Europe,3-Jun-18,2018,Jun,1,,1,,,1,,Drowning
45737,US-Mexico Border,2-Jun-18,2018,Jun,1,,1,,,,,Drowning
44901,Middle East,28-May-18,2018,May,2,,2,,2,,1,Drowning
44884,Middle East,27-May-18,2018,May,1,,1,,,1,,Shot
44823,US-Mexico Border,26-May-18,2018,May,1,,1,,,1,,Drowning
44883,Middle East,26-May-18,2018,May,1,,1,,,,,Shot
44900,Middle East,25-May-18,2018,May,1,,1,,,1,,Drowning
44820,US-Mexico Border,24-May-18,2018,May,2,,2,,,2,,Drowning
44817,US-Mexico Border,23-May-18,2018,May,1,,1,3,1,,,Shot
44818,North Africa,23-May-18,2018,May,15,,15,25,,,,Shot
44816,Central America,22-May-18,2018,May,1,,1,106,,1,,Shot
44813,Europe,21-May-18,2018,May,1,,1,2,,1,,Drowning
44875,Europe,20-May-18,2018,May,1,,1,,,1,,Drowning
44809,Europe,17-May-18,2018,May,1,,1,,1,,1,Shot
44856,US-Mexico Border,13-May-18,2018,May,1,,1,,,1,,Dehydration
44805,US-Mexico Border,13-May-18,2018,May,1,,1,,,1,,Drowning
44882,Middle East,13-May-18,2018,May,1,,1,,,1,,Shot
44829,US-Mexico Border,12-May-18,2018,May,1,,1,,,1,,Drowning
44799,US-Mexico Border,11-May-18,2018,May,1,,1,,,1,,Drowning
44804,US-Mexico Border,11-May-18,2018,May,1,,1,,,1,,Drowning
44803,Europe,9-May-18,2018,May,1,,1,,1,,,Drowning
44881,Middle East,8-May-18,2018,May,2,,2,,,1,,Shot
44852,US-Mexico Border,6-May-18,2018,May,1,,1,,1,,,Hyperthermia
44788,US-Mexico Border,3-May-18,2018,May,1,,1,,,1,,Drowning
44802,Europe,30-Apr-18,2018,Apr,1,,1,,,1,,Drowning
44781,Europe,30-Apr-18,2018,Apr,1,,1,7,,1,,Drowning
44801,Europe,29-Apr-18,2018,Apr,1,,1,,,1,,Drowning
44780,US-Mexico Border,29-Apr-18,2018,Apr,1,,1,,,1,,Drowning
44777,US-Mexico Border,26-Apr-18,2018,Apr,1,,1,,,1,,Drowning
44880,Middle East,23-Apr-18,2018,Apr,1,,1,,,1,1,Shot
44874,Europe,22-Apr-18,2018,Apr,1,,1,,,1,,Drowning
44879,Middle East,21-Apr-18,2018,Apr,2,,2,,,2,,Shot
44878,Middle East,20-Apr-18,2018,Apr,2,,2,,,2,,Shot
44767,South America,19-Apr-18,2018,Apr,4,,4,,,3,1,Drowning
44877,Middle East,14-Apr-18,2018,Apr,2,,2,,,2,,Shot
44758,US-Mexico Border,12-Apr-18,2018,Apr,2,,2,,,2,,Drowning
44762,South Asia,12-Apr-18,2018,Apr,2,,2,,,2,,Shot
44757,Europe,10-Apr-18,2018,Apr,1,,1,3,,1,,Drowning
44755,Europe,9-Apr-18,2018,Apr,1,,1,1,,1,,Drowning
44774,North Africa,5-Apr-18,2018,Apr,1,5,6,,,,,Drowning
44876,Middle East,5-Apr-18,2018,Apr,1,,1,,1,,1,Shot
45736,US-Mexico Border,29-Mar-18,2018,Mar,1,,1,,,,,Drowning
44683,Central America,26-Mar-18,2018,Mar,2,3,5,4,1,1,1,Drowning
44679,US-Mexico Border,24-Mar-18,2018,Mar,1,,1,,1,,,Suicide
44678,US-Mexico Border,22-Mar-18,2018,Mar,1,,1,,,1,,Drowning
44712,US-Mexico Border,18-Mar-18,2018,Mar,1,,1,,,1,,Drowning
44756,South Asia,13-Mar-18,2018,Mar,2,,2,,,2,,Shot
44662,US-Mexico Border,13-Mar-18,2018,Mar,1,,1,,,1,,Drowning
44656,US-Mexico Border,11-Mar-18,2018,Mar,1,,1,4,,1,,Drowning
44673,US-Mexico Border,7-Mar-18,2018,Mar,1,,1,,,1,,Drowning
44650,Middle East,6-Mar-18,2018,Mar,1,,1,,,1,,Drowning
45735,US-Mexico Border,1-Mar-18,2018,Mar,1,,1,,,,,Drowning
44619,Central America,23-Feb-18,2018,Feb,1,,1,25,,1,,Shot
44642,Central America,23-Feb-18,2018,Feb,1,,1,3,,1,,Shot
44416,US-Mexico Border,18-Feb-18,2018,Feb,1,,1,,,1,,Drowning
44410,US-Mexico Border,12-Feb-18,2018,Feb,1,,1,,,1,,Drowning
44402,US-Mexico Border,10-Feb-18,2018,Feb,1,,1,,,1,,Drowning
45734,US-Mexico Border,8-Feb-18,2018,Feb,1,,1,,,,,Drowning
44397,US-Mexico Border,5-Feb-18,2018,Feb,1,,1,,,1,,Drowning
44684,Middle East,1-Feb-18,2018,Feb,1,,1,,1,,1,Shot
44378,US-Mexico Border,31-Jan-18,2018,Jan,1,,1,,,1,,Drowning
44383,Europe,31-Jan-18,2018,Jan,1,,1,,,1,,Drowning
44380,US-Mexico Border,31-Jan-18,2018,Jan,1,,1,,,1,,Drowning
44379,US-Mexico Border,31-Jan-18,2018,Jan,1,,1,,,1,,Drowning
44363,Central America,27-Jan-18,2018,Jan,1,,1,,,1,,Murdered
44114,US-Mexico Border,26-Jan-18,2018,Jan,1,,1,,,1,,Drowning
44108,US-Mexico Border,23-Jan-18,2018,Jan,1,,1,,1,,,Drowning
44054,US-Mexico Border,3-Jan-18,2018,Jan,1,,1,,,1,,Drowning
44348,North Africa,27-Dec-17,2017,Dec,2,,2,,,2,,Dehydration
44066,Europe,27-Dec-17,2017,Dec,1,,1,,,1,,Fall
44075,Central America,25-Dec-17,2017,Dec,1,,1,,,1,,Shot
44342,North Africa,23-Dec-17,2017,Dec,1,,1,,,1,,Starvation
44073,US-Mexico Border,23-Dec-17,2017,Dec,1,,1,,,1,,Drowning
44686,Middle East,21-Dec-17,2017,Dec,7,,7,,,,2,Shot
44335,North Africa,21-Dec-17,2017,Dec,2,,2,,,2,,Starvation
44328,North Africa,19-Dec-17,2017,Dec,1,,1,,1,,,Starvation
44323,North Africa,16-Dec-17,2017,Dec,3,,3,,,3,,Starvation
44318,North Africa,13-Dec-17,2017,Dec,1,,1,,1,,,Starvation
44319,North Africa,13-Dec-17,2017,Dec,3,,3,,,,,Starvation
44316,North Africa,12-Dec-17,2017,Dec,3,,3,,,,,Dehydration
44312,North Africa,8-Dec-17,2017,Dec,1,,1,,,1,,Starvation
44309,North Africa,6-Dec-17,2017,Dec,2,,2,,,2,1,Starvation
44306,North Africa,5-Dec-17,2017,Dec,3,,3,,,,,Starvation
44303,North Africa,1-Dec-17,2017,Dec,10,,10,,,10,,Dehydration
44302,North Africa,30-Nov-17,2017,Nov,2,,2,,,2,,Dehydration
44005,US-Mexico Border,29-Nov-17,2017,Nov,1,,1,,,1,,Shot
44548,Middle East,28-Nov-17,2017,Nov,1,,1,,,1,,Shot
44547,Middle East,27-Nov-17,2017,Nov,1,,1,,,1,,Shot
43989,US-Mexico Border,19-Nov-17,2017,Nov,1,,1,,,,,Drowning
43983,South Asia,18-Nov-17,2017,Nov,5,,5,,,5,,Shot
43988,Middle East,17-Nov-17,2017,Nov,1,,1,,,1,,Shot
43981,South Asia,15-Nov-17,2017,Nov,15,,15,,,15,,Shot
44274,North Africa,15-Nov-17,2017,Nov,5,,5,,,,,Starvation
43979,Central America,14-Nov-17,2017,Nov,2,,2,24,,2,1,Shot
43977,Central America,13-Nov-17,2017,Nov,2,,2,,,2,,Murdered
44541,Middle East,12-Nov-17,2017,Nov,1,,1,,,1,,Shot
43975,US-Mexico Border,11-Nov-17,2017,Nov,1,,1,,,1,,Drowning
43987,Middle East,10-Nov-17,2017,Nov,2,,2,,1,1,,Shot
43968,US-Mexico Border,9-Nov-17,2017,Nov,1,,1,,,1,,Drowning
44253,US-Mexico Border,6-Nov-17,2017,Nov,1,,1,,,1,,Drowning
44254,North Africa,6-Nov-17,2017,Nov,4,,4,,,4,,Starvation
44255,North Africa,6-Nov-17,2017,Nov,3,,3,,,,,Starvation
43967,US-Mexico Border,5-Nov-17,2017,Nov,1,,1,,,1,,Drowning
44249,North Africa,2-Nov-17,2017,Nov,3,,3,,,3,,Starvation
44244,North Africa,30-Oct-17,2017,Oct,2,,2,,,2,,Dehydration
44238,US-Mexico Border,27-Oct-17,2017,Oct,1,,1,,,1,,Drowning
44231,North Africa,24-Oct-17,2017,Oct,1,,1,,,1,,Dehydration
44228,North Africa,23-Oct-17,2017,Oct,2,,2,,,2,,Starvation
44218,North Africa,22-Oct-17,2017,Oct,2,,2,,1,1,,Starvation
43896,US-Mexico Border,20-Oct-17,2017,Oct,1,,1,,,1,,Drowning
43959,US-Mexico Border,19-Oct-17,2017,Oct,1,,1,,,1,,Hyperthermia
43869,Middle East,15-Oct-17,2017,Oct,2,,2,,,2,,Shot
44526,Middle East,12-Oct-17,2017,Oct,1,,1,,,1,,Shot
43862,US-Mexico Border,11-Oct-17,2017,Oct,1,,1,,,1,,Drowning
43856,Central America,8-Oct-17,2017,Oct,1,,1,,,1,,Train Accident
43860,US-Mexico Border,8-Oct-17,2017,Oct,1,,1,,,1,,Drowning
43849,Central America,4-Oct-17,2017,Oct,1,,1,,,1,,Train Accident
44509,Middle East,1-Oct-17,2017,Oct,1,,1,,,1,,Shot
44685,Middle East,30-Sep-17,2017,Sep,6,,6,,,4,2,Shot
43832,Central America,29-Sep-17,2017,Sep,1,,1,11,,1,,Shot
44174,North Africa,27-Sep-17,2017,Sep,2,,2,,1,1,,Starvation
43828,Middle East,25-Sep-17,2017,Sep,3,,3,7,,,,Shot
43827,US-Mexico Border,24-Sep-17,2017,Sep,1,,1,,,1,,Drowning
43767,Europe,22-Sep-17,2017,Sep,24,14,38,40,,,,Drowning
43768,US-Mexico Border,22-Sep-17,2017,Sep,1,,1,,,1,,Dehydration
43769,US-Mexico Border,22-Sep-17,2017,Sep,1,,1,,,1,,Drowning
44505,Middle East,22-Sep-17,2017,Sep,1,,1,,,1,,Shot
43766,US-Mexico Border,21-Sep-17,2017,Sep,1,,1,,,,,Drowning
43996,US-Mexico Border,21-Sep-17,2017,Sep,1,,1,,,1,,Drowning
43825,Middle East,20-Sep-17,2017,Sep,1,,1,,,1,1,Shot
43846,Middle East,19-Sep-17,2017,Sep,23,,23,,,,,Shot
44158,US-Mexico Border,18-Sep-17,2017,Sep,1,,1,,,1,,Drowning
43824,Middle East,15-Sep-17,2017,Sep,1,,1,,,,1,Shot
43689,US-Mexico Border,13-Sep-17,2017,Sep,1,,1,,,1,,Drowning
43684,Middle East,12-Sep-17,2017,Sep,2,,2,10,,,,Shot
44149,North Africa,11-Sep-17,2017,Sep,3,,3,,,3,,Dehydration
43668,US-Mexico Border,9-Sep-17,2017,Sep,1,,1,,,1,,Dehydration
44142,US-Mexico Border,9-Sep-17,2017,Sep,1,,1,,,1,,Drowning
44143,North Africa,9-Sep-17,2017,Sep,3,,3,,,3,,Dehydration
43678,Middle East,3-Sep-17,2017,Sep,1,,1,,1,,1,Shot
43677,Middle East,2-Sep-17,2017,Sep,1,,1,,,1,1,Shot
42400,Central America,1-Sep-17,2017,Sep,2,,2,29,,2,1,Drowning
43676,Middle East,31-Aug-17,2017,Aug,1,,1,,,,,Shot
44593,North Africa,31-Aug-17,2017,Aug,2,,2,,,,,Starvation
43758,North Africa,30-Aug-17,2017,Aug,2,,2,,,2,,Suffocation
42395,US-Mexico Border,29-Aug-17,2017,Aug,1,,1,,,1,,Drowning
44479,Middle East,27-Aug-17,2017,Aug,1,,1,,,1,1,Shot
42389,Europe,26-Aug-17,2017,Aug,1,,1,,,1,,Electrocution
43966,US-Mexico Border,25-Aug-17,2017,Aug,1,,1,,,1,,Murdered
42396,Middle East,23-Aug-17,2017,Aug,1,,1,2,,1,,Shot
42394,Middle East,22-Aug-17,2017,Aug,1,,1,,,1,1,Shot
35493,Middle East,17-Aug-17,2017,Aug,1,,1,,,1,,Shot
38437,Central America,17-Aug-17,2017,Aug,1,,1,,,1,,Drowning
44472,Middle East,14-Aug-17,2017,Aug,1,,1,,,1,,Shot
35492,US-Mexico Border,13-Aug-17,2017,Aug,1,,1,,,1,,Drowning
35486,US-Mexico Border,12-Aug-17,2017,Aug,1,,1,,,1,,Drowning
44469,Middle East,12-Aug-17,2017,Aug,1,,1,,,1,,Shot
35491,Middle East,11-Aug-17,2017,Aug,1,,1,,1,,,Shot
35489,Middle East,9-Aug-17,2017,Aug,1,,1,,,1,,Shot
35479,Middle East,7-Aug-17,2017,Aug,2,,2,,,2,,Shot
42380,US-Mexico Border,7-Aug-17,2017,Aug,1,,1,,,1,,Dehydration
44467,Middle East,6-Aug-17,2017,Aug,1,,1,,,1,,Shot
35472,US-Mexico Border,3-Aug-17,2017,Aug,1,,1,,,1,,Drowning
35469,US-Mexico Border,2-Aug-17,2017,Aug,1,2,3,,,1,1,Drowning
35478,Middle East,2-Aug-17,2017,Aug,1,,1,,,1,1,Shot
35470,US-Mexico Border,1-Aug-17,2017,Aug,1,,1,,,1,,Dehydration
35477,Middle East,28-Jul-17,2017,Jul,4,,4,,,,,Shot
35442,US-Mexico Border,27-Jul-17,2017,Jul,1,,1,,,1,,Drowning
35444,Middle East,27-Jul-17,2017,Jul,2,,2,,,2,,Shot
35440,US-Mexico Border,25-Jul-17,2017,Jul,1,,1,,,1,,Drowning
35433,US-Mexico Border,24-Jul-17,2017,Jul,4,,4,,3,1,2,Drowning
35434,US-Mexico Border,24-Jul-17,2017,Jul,1,,1,,,1,,Drowning
35464,Central America,24-Jul-17,2017,Jul,1,,1,,,1,1,Stabbed
43730,North Africa,22-Jul-17,2017,Jul,5,,5,,,5,,Starvation
35428,US-Mexico Border,21-Jul-17,2017,Jul,1,,1,,,1,,Drowning
30170,US-Mexico Border,18-Jul-17,2017,Jul,1,,1,,,1,,Drowning
30172,US-Mexico Border,18-Jul-17,2017,Jul,1,,1,,,1,,Drowning
30168,US-Mexico Border,17-Jul-17,2017,Jul,1,,1,,,1,,Drowning
44463,Middle East,16-Jul-17,2017,Jul,1,,1,,,1,,Shot
35441,Middle East,15-Jul-17,2017,Jul,6,,6,,,,,Shot
30158,Middle East,12-Jul-17,2017,Jul,3,,3,,,,1,Shot
31131,US-Mexico Border,10-Jul-17,2017,Jul,1,,1,,,1,,Dehydration
31129,Middle East,8-Jul-17,2017,Jul,2,,2,,,,,Shot
31125,US-Mexico Border,6-Jul-17,2017,Jul,1,,1,,,1,,Drowning
31124,Central America,5-Jul-17,2017,Jul,1,,1,,,1,,Drowning
35452,US-Mexico Border,5-Jul-17,2017,Jul,1,,1,,,1,,Hyperthermia
43711,North Africa,1-Jul-17,2017,Jul,3,,3,,,,,Dehydration
43780,North Africa,1-Jul-17,2017,Jul,2,,2,,1,1,,Dehydration
44583,North Africa,30-Jun-17,2017,Jun,2,,2,,,,,Shot
44586,North Africa,30-Jun-17,2017,Jun,1,,1,,,,,Shot
44585,North Africa,30-Jun-17,2017,Jun,2,,2,,,,,Shot
44588,North Africa,30-Jun-17,2017,Jun,1,,1,,,,,Starvation
44584,North Africa,30-Jun-17,2017,Jun,1,,1,,,,,Shot
44589,North Africa,30-Jun-17,2017,Jun,3,,3,,,,,Shot
31113,US-Mexico Border,29-Jun-17,2017,Jun,1,,1,,,1,,Drowning
30624,US-Mexico Border,28-Jun-17,2017,Jun,1,,1,,,1,,Hyperthermia
31107,US-Mexico Border,28-Jun-17,2017,Jun,1,,1,,,1,,Drowning
31108,US-Mexico Border,28-Jun-17,2017,Jun,1,,1,,,1,,Drowning
31094,US-Mexico Border,26-Jun-17,2017,Jun,2,,2,,1,1,1,Drowning
31095,US-Mexico Border,26-Jun-17,2017,Jun,1,,1,,,1,,Hyperthermia
31096,US-Mexico Border,26-Jun-17,2017,Jun,1,,1,,,1,,Hyperthermia
31097,Middle East,26-Jun-17,2017,Jun,10,,10,,,,,Shot
31098,Middle East,26-Jun-17,2017,Jun,2,,2,,,2,,Shot
44461,Middle East,22-Jun-17,2017,Jun,1,,1,,,1,,Shot
31082,Central America,21-Jun-17,2017,Jun,1,,1,,,1,,Train Accident
31078,US-Mexico Border,20-Jun-17,2017,Jun,1,,1,,,1,,Dehydration
44135,US-Mexico Border,18-Jun-17,2017,Jun,1,,1,,1,,1,Drowning
43698,North Africa,17-Jun-17,2017,Jun,2,,2,,,,,Dehydration
31046,US-Mexico Border,14-Jun-17,2017,Jun,1,,1,,,1,,Drowning
31047,Middle East,14-Jun-17,2017,Jun,5,,5,,,,1,Shot
31040,US-Mexico Border,12-Jun-17,2017,Jun,1,,1,,,1,,Hyperthermia
44134,US-Mexico Border,12-Jun-17,2017,Jun,1,,1,,,1,,Drowning
31039,US-Mexico Border,10-Jun-17,2017,Jun,1,,1,,,1,,Drowning
31028,US-Mexico Border,8-Jun-17,2017,Jun,1,,1,,,1,,Hyperthermia
31029,Europe,8-Jun-17,2017,Jun,1,,1,,,1,,Train Accident
31025,North Africa,5-Jun-17,2017,Jun,7,,7,28,,,,Suffocation
31018,Europe,1-Jun-17,2017,Jun,1,,1,,,,,Train Accident
44581,North Africa,31-May-17,2017,May,2,,2,,,,,Starvation
44578,North Africa,31-May-17,2017,May,10,,10,,,,,Shot
44579,North Africa,31-May-17,2017,May,12,,12,,,,,Dehydration
44582,North Africa,31-May-17,2017,May,5,,5,,,,,Starvation
31010,US-Mexico Border,30-May-17,2017,May,1,,1,,,1,,Drowning
31011,US-Mexico Border,30-May-17,2017,May,1,,1,,,1,,Drowning
31006,Central America,29-May-17,2017,May,1,,1,,,1,,Train Accident
31009,US-Mexico Border,29-May-17,2017,May,1,,1,,,1,,Dehydration
30995,US-Mexico Border,26-May-17,2017,May,1,,1,,,1,,Train Accident
30989,US-Mexico Border,25-May-17,2017,May,1,,1,10,,,,Dehydration
30990,US-Mexico Border,25-May-17,2017,May,1,,1,,,1,,Hyperthermia
30986,Middle East,23-May-17,2017,May,1,,1,,,1,,Shot
44133,US-Mexico Border,22-May-17,2017,May,1,,1,,,1,,Drowning
44385,US-Mexico Border,22-May-17,2017,May,1,,1,,,1,,Hyperthermia
30984,US-Mexico Border,21-May-17,2017,May,1,,1,,,,,Drowning
30976,Middle East,18-May-17,2017,May,1,,1,,,1,,Shot
30971,South Asia,15-May-17,2017,May,1,,1,,1,,,Shot
30967,US-Mexico Border,14-May-17,2017,May,1,,1,,,1,,Drowning
44450,Middle East,9-May-17,2017,May,1,,1,,,1,1,Shot
30959,US-Mexico Border,7-May-17,2017,May,1,,1,,,1,,Drowning
30953,US-Mexico Border,6-May-17,2017,May,1,,1,,,1,,Drowning
30955,Central America,6-May-17,2017,May,1,,1,3,,1,,Drowning
30951,US-Mexico Border,5-May-17,2017,May,1,,1,,,1,,Drowning
44006,Central America,3-May-17,2017,May,1,,1,,,1,,Train Accident
30943,Europe,2-May-17,2017,May,1,,1,,,1,,Electrocution
30944,US-Mexico Border,2-May-17,2017,May,1,,1,,,1,,Drowning
30945,US-Mexico Border,2-May-17,2017,May,1,,1,,,1,,Drowning
44573,North Africa,30-Apr-17,2017,Apr,2,,2,,,,,Starvation
44574,North Africa,30-Apr-17,2017,Apr,1,,1,,,,,Dehydration
44575,North Africa,30-Apr-17,2017,Apr,6,,6,,,,,Shot
30940,Central America,28-Apr-17,2017,Apr,1,,1,,1,,,Train Accident
30925,US-Mexico Border,20-Apr-17,2017,Apr,1,,1,,,1,,Drowning
30926,US-Mexico Border,20-Apr-17,2017,Apr,1,,1,,,1,,Drowning
44132,US-Mexico Border,20-Apr-17,2017,Apr,1,,1,,,1,,Drowning
30924,US-Mexico Border,19-Apr-17,2017,Apr,1,,1,,,1,,Drowning
30908,US-Mexico Border,11-Apr-17,2017,Apr,1,,1,,,1,,Drowning
30903,Central America,5-Apr-17,2017,Apr,1,,1,,,1,,Train Accident
35425,Central America,4-Apr-17,2017,Apr,1,,1,,,1,,Drowning
30900,US-Mexico Border,2-Apr-17,2017,Apr,1,,1,,,1,,Drowning
44570,North Africa,31-Mar-17,2017,Mar,3,,3,,,,,Dehydration
44571,North Africa,31-Mar-17,2017,Mar,5,,5,,,,,Shot
30894,Middle East,27-Mar-17,2017,Mar,1,,1,,1,,,Drowning
30893,Middle East,26-Mar-17,2017,Mar,3,,3,2,3,,,Drowning
30889,US-Mexico Border,25-Mar-17,2017,Mar,1,,1,,,1,,Drowning
30890,Middle East,25-Mar-17,2017,Mar,1,,1,,1,,1,Drowning
30882,Central America,23-Mar-17,2017,Mar,1,,1,1,,1,,Shot
30873,Central America,20-Mar-17,2017,Mar,1,,1,,,1,,Shot
30874,Central America,20-Mar-17,2017,Mar,2,,2,,,2,,Murdered
30864,Central America,15-Mar-17,2017,Mar,1,,1,,,1,,Train Accident
30863,US-Mexico Border,13-Mar-17,2017,Mar,2,,2,,,2,,Drowning
30855,US-Mexico Border,6-Mar-17,2017,Mar,1,,1,,,1,,Drowning
30854,North Africa,5-Mar-17,2017,Mar,22,,22,,,,,Shot
30845,US-Mexico Border,28-Feb-17,2017,Feb,1,,1,,,1,,Drowning
44568,North Africa,28-Feb-17,2017,Feb,5,,5,,,,,Dehydration
30843,Europe,27-Feb-17,2017,Feb,1,,1,,,1,,Electrocution
30844,Middle East,27-Feb-17,2017,Feb,1,,1,,,1,,Shot
30842,North Africa,26-Feb-17,2017,Feb,12,,12,,,,,Starvation
30834,US-Mexico Border,23-Feb-17,2017,Feb,1,,1,,,1,,Drowning
30828,Central America,22-Feb-17,2017,Feb,1,,1,,,1,,Train Accident
30830,Europe,22-Feb-17,2017,Feb,3,,3,5,,,,Drowning
30831,North Africa,22-Feb-17,2017,Feb,13,,13,,,,2,Suffocation
30807,Central America,15-Feb-17,2017,Feb,1,,1,,,1,,Drowning
30793,North Africa,10-Feb-17,2017,Feb,3,,3,,,,,Starvation
30788,US-Mexico Border,9-Feb-17,2017,Feb,1,,1,,,1,,Drowning
30781,Central America,6-Feb-17,2017,Feb,1,,1,,,1,,Train Accident
30777,US-Mexico Border,5-Feb-17,2017,Feb,1,,1,,,1,,Drowning
30778,US-Mexico Border,5-Feb-17,2017,Feb,1,,1,,,1,,Drowning
30780,Europe,5-Feb-17,2017,Feb,1,,1,,,1,,Train Accident
44007,Central America,5-Feb-17,2017,Feb,1,,1,,,1,,Train Accident
30774,Europe,3-Feb-17,2017,Feb,1,,1,,,1,,Drowning
30768,US-Mexico Border,1-Feb-17,2017,Feb,1,,1,,,1,,Drowning
30769,US-Mexico Border,1-Feb-17,2017,Feb,1,,1,,,1,,Drowning
30771,Central America,1-Feb-17,2017,Feb,1,,1,,,1,,Train Accident
30767,US-Mexico Border,31-Jan-17,2017,Jan,1,,1,,,1,,Drowning
38438,US-Mexico Border,31-Jan-17,2017,Jan,1,,1,,,1,,Drowning
44565,North Africa,31-Jan-17,2017,Jan,5,,5,,,,,Shot
44564,North Africa,31-Jan-17,2017,Jan,1,,1,,,,,Shot
44563,North Africa,31-Jan-17,2017,Jan,2,,2,,,,,Shot
30765,US-Mexico Border,30-Jan-17,2017,Jan,1,,1,,,1,,Drowning
30766,US-Mexico Border,30-Jan-17,2017,Jan,1,,1,,,1,,Drowning
30754,US-Mexico Border,26-Jan-17,2017,Jan,1,,1,,,,,Drowning
44129,US-Mexico Border,26-Jan-17,2017,Jan,1,,1,,,1,,Drowning
44128,US-Mexico Border,25-Jan-17,2017,Jan,1,,1,,,1,,Drowning
30753,US-Mexico Border,24-Jan-17,2017,Jan,1,,1,,,1,,Drowning
44127,US-Mexico Border,24-Jan-17,2017,Jan,1,,1,,,1,,Drowning
30743,North Africa,23-Jan-17,2017,Jan,1,,1,,,,,Harsh conditions
30744,US-Mexico Border,23-Jan-17,2017,Jan,1,,1,,,1,,Drowning
30741,North Africa,22-Jan-17,2017,Jan,2,,2,,,,,Harsh conditions
30742,North Africa,22-Jan-17,2017,Jan,1,,1,,,,,Harsh conditions
30718,US-Mexico Border,18-Jan-17,2017,Jan,1,,1,,,1,,Drowning
30715,Central America,17-Jan-17,2017,Jan,1,,1,,1,,,"Rape, Murdered"
30716,US-Mexico Border,17-Jan-17,2017,Jan,1,,1,2,,,,Drowning
44437,Middle East,17-Jan-17,2017,Jan,1,,1,,,1,,Shot
30709,US-Mexico Border,16-Jan-17,2017,Jan,1,,1,,,1,,Drowning
44435,Middle East,15-Jan-17,2017,Jan,1,,1,,,1,,Shot
30687,US-Mexico Border,13-Jan-17,2017,Jan,1,,1,2,,1,,Shot
30688,US-Mexico Border,13-Jan-17,2017,Jan,1,,1,,,1,,Drowning
30689,US-Mexico Border,13-Jan-17,2017,Jan,1,,1,,,1,,Drowning
44544,North Africa,31-Dec-16,2016,Dec,4,,4,,,,,Shot
44538,North Africa,31-Dec-16,2016,Dec,2,,2,,,,,Shot
44542,North Africa,31-Dec-16,2016,Dec,1,,1,,,,,Dehydration
42797,US-Mexico Border,28-Dec-16,2016,Dec,1,,1,,,1,,Drowning
43635,North Africa,20-Dec-16,2016,Dec,1,,1,,,,,Drowning
43616,North Africa,18-Dec-16,2016,Dec,20,,20,,,,,Starvation
42768,Central America,10-Dec-16,2016,Dec,1,,1,,,,,Drowning
42784,Central America,8-Dec-16,2016,Dec,1,,1,3,,,1,Asphyxiation
42786,Central America,30-Nov-16,2016,Nov,1,,1,,,1,,Cardiac arrest
43530,Central America,30-Nov-16,2016,Nov,1,,1,,,1,,Cardiac arrest
43034,Europe,23-Nov-16,2016,Nov,1,,1,,,1,,Suicide
42750,Europe,21-Nov-16,2016,Nov,1,,1,,,1,,Stabbed
43579,North Africa,21-Nov-16,2016,Nov,1,,1,,,,,Dehydration
44534,Europe,21-Nov-16,2016,Nov,1,,1,,,1,,Drowning
42761,US-Mexico Border,4-Nov-16,2016,Nov,1,,1,,,1,,Drowning
43528,North Africa,31-Oct-16,2016,Oct,7,,7,,,,,Murdered
42726,US-Mexico Border,24-Oct-16,2016,Oct,2,,2,,,1,,Drowning
42741,US-Mexico Border,23-Oct-16,2016,Oct,1,,1,,,1,,Drowning
42814,Europe,23-Oct-16,2016,Oct,1,,1,,,1,,Hit by car
42740,US-Mexico Border,22-Oct-16,2016,Oct,1,,1,,,1,,Drowning
42714,US-Mexico Border,19-Oct-16,2016,Oct,1,,1,,,1,,Drowning
42736,Europe,18-Oct-16,2016,Oct,1,,1,,,1,,Stabbed
42721,US-Mexico Border,12-Oct-16,2016,Oct,1,,1,,,1,,Drowning
42729,US-Mexico Border,11-Oct-16,2016,Oct,1,,1,,,1,,Drowning
42717,Central America,9-Oct-16,2016,Oct,1,,1,,,1,,Drowning
44529,US-Mexico Border,2-Oct-16,2016,Oct,1,,1,,,1,,Dehydration
42766,South America,30-Sep-16,2016,Sep,1,,1,,,1,,Cardiac arrest
42708,US-Mexico Border,28-Sep-16,2016,Sep,1,,1,,,1,,Drowning
42692,Europe,19-Sep-16,2016,Sep,1,,1,,,1,,Stabbed
42719,US-Mexico Border,19-Sep-16,2016,Sep,1,,1,,,1,,Drowning
42704,US-Mexico Border,11-Sep-16,2016,Sep,1,,1,,,1,,Drowning
42873,Europe,11-Sep-16,2016,Sep,6,,6,4,,3,4,Drowning
42701,US-Mexico Border,10-Sep-16,2016,Sep,1,,1,,,1,,Drowning
42683,Central America,8-Sep-16,2016,Sep,1,,1,,,1,,Cardiac arrest
42707,US-Mexico Border,8-Sep-16,2016,Sep,1,,1,,,1,,Drowning
42678,US-Mexico Border,3-Sep-16,2016,Sep,1,,1,,,1,,Drowning
44522,North Africa,31-Aug-16,2016,Aug,7,,7,,,,,Shot
42681,US-Mexico Border,29-Aug-16,2016,Aug,1,,1,,,1,,Drowning
43415,US-Mexico Border,27-Aug-16,2016,Aug,1,,1,,,1,,Hyperthermia
42675,US-Mexico Border,26-Aug-16,2016,Aug,1,,1,,,1,,Drowning
42690,US-Mexico Border,26-Aug-16,2016,Aug,1,,1,,,1,,Drowning
42872,Europe,24-Aug-16,2016,Aug,1,,1,5,,1,,Shot
42661,US-Mexico Border,22-Aug-16,2016,Aug,1,,1,,,1,,Drowning
42850,Europe,22-Aug-16,2016,Aug,1,,1,,,1,,Stabbed
42689,South America,19-Aug-16,2016,Aug,1,,1,,1,,,Cardiac arrest
42649,US-Mexico Border,16-Aug-16,2016,Aug,1,,1,,,1,,Dehydration
42669,Central America,12-Aug-16,2016,Aug,1,,1,,1,,,Dehydration
43391,North Africa,11-Aug-16,2016,Aug,1,,1,,,,,Dehydration
42659,US-Mexico Border,10-Aug-16,2016,Aug,1,,1,,,1,,Dehydration
42643,US-Mexico Border,8-Aug-16,2016,Aug,1,,1,,,,,Drowning
42657,US-Mexico Border,7-Aug-16,2016,Aug,1,,1,,,1,,Drowning
43387,US-Mexico Border,7-Aug-16,2016,Aug,1,,1,,,1,,Hyperthermia
42646,US-Mexico Border,4-Aug-16,2016,Aug,1,,1,,,1,,Dehydration
42639,Central America,3-Aug-16,2016,Aug,2,,2,,,2,,Drowning
42668,Central America,3-Aug-16,2016,Aug,2,,2,,,2,,Murdered
42621,Central America,1-Aug-16,2016,Aug,8,,8,,1,7,,Drowning
43418,North Africa,1-Aug-16,2016,Aug,3,,3,,,,,Murdered
43419,North Africa,1-Aug-16,2016,Aug,1,,1,,,,,Harsh conditions
43422,North Africa,1-Aug-16,2016,Aug,1,,1,,,,,Murdered
42628,US-Mexico Border,29-Jul-16,2016,Jul,1,,1,,,1,,Drowning
42640,US-Mexico Border,28-Jul-16,2016,Jul,1,,1,,,1,,Drowning
42877,Europe,26-Jul-16,2016,Jul,1,,1,6,,1,,Stabbed
42616,US-Mexico Border,24-Jul-16,2016,Jul,1,,1,,,1,,Drowning
43360,US-Mexico Border,23-Jul-16,2016,Jul,1,,1,,,1,,Hyperthermia
42627,US-Mexico Border,21-Jul-16,2016,Jul,1,,1,,,1,,Drowning
42671,US-Mexico Border,21-Jul-16,2016,Jul,1,,1,,1,,,Hyperthermia
42401,Central America,20-Jul-16,2016,Jul,3,,3,5,1,2,3,Drowning
42846,Central America,20-Jul-16,2016,Jul,,,0,,,,,Drowning
42838,US-Mexico Border,19-Jul-16,2016,Jul,1,,1,,,1,,Drowning
42684,US-Mexico Border,18-Jul-16,2016,Jul,1,,1,,,1,,Drowning
42622,US-Mexico Border,16-Jul-16,2016,Jul,1,,1,,,1,,Drowning
42752,US-Mexico Border,15-Jul-16,2016,Jul,1,1,2,,,2,,Drowning
42632,US-Mexico Border,14-Jul-16,2016,Jul,1,,1,,,1,,Drowning
42686,Central America,14-Jul-16,2016,Jul,1,,1,,,1,,Drowning
42608,US-Mexico Border,11-Jul-16,2016,Jul,1,,1,,,1,,Drowning
42593,US-Mexico Border,5-Jul-16,2016,Jul,1,,1,,,1,,Drowning
43366,North Africa,1-Jul-16,2016,Jul,1,,1,,,,,Murdered
43367,North Africa,1-Jul-16,2016,Jul,3,,3,,,,,Harsh conditions
43368,North Africa,1-Jul-16,2016,Jul,1,,1,,,,,Murdered
43369,North Africa,1-Jul-16,2016,Jul,1,,1,,,,,Murdered
43372,North Africa,1-Jul-16,2016,Jul,1,,1,,,,,Dehydration
43375,North Africa,1-Jul-16,2016,Jul,1,,1,,,,,Starvation
44515,North Africa,30-Jun-16,2016,Jun,1,,1,,,,,Harsh conditions
44511,North Africa,30-Jun-16,2016,Jun,1,,1,,,,,Dehydration
44508,North Africa,30-Jun-16,2016,Jun,1,,1,,,,,Shot
44512,North Africa,30-Jun-16,2016,Jun,3,,3,,,,,Shot
42606,US-Mexico Border,25-Jun-16,2016,Jun,1,,1,,,1,,Drowning
43298,US-Mexico Border,23-Jun-16,2016,Jun,1,,1,,1,,,Hyperthermia
42583,US-Mexico Border,22-Jun-16,2016,Jun,1,,1,,,,,Drowning
42541,US-Mexico Border,15-Jun-16,2016,Jun,2,1,3,,,3,,Drowning
42542,US-Mexico Border,15-Jun-16,2016,Jun,1,,1,,,,,Drowning
43278,North Africa,14-Jun-16,2016,Jun,2,,2,,,,,Suffocation
43265,US-Mexico Border,10-Jun-16,2016,Jun,1,,1,,,,,Drowning
42792,US-Mexico Border,9-Jun-16,2016,Jun,1,,1,2,,1,,Shot
43263,US-Mexico Border,9-Jun-16,2016,Jun,1,,1,,,1,,Shot
42720,US-Mexico Border,7-Jun-16,2016,Jun,1,,1,,,1,,Drowning
43256,US-Mexico Border,7-Jun-16,2016,Jun,1,,1,,,1,,Hyperthermia
43257,US-Mexico Border,7-Jun-16,2016,Jun,1,,1,,,,,Hyperthermia
43255,US-Mexico Border,6-Jun-16,2016,Jun,1,,1,,,1,,Hyperthermia
42496,Central America,4-Jun-16,2016,Jun,1,,1,,,1,,Hyperthermia
42444,Europe,1-Jun-16,2016,Jun,1,,1,6,,1,,Drowning
43308,North Africa,1-Jun-16,2016,Jun,1,,1,,,,,Suffocation
43310,North Africa,1-Jun-16,2016,Jun,2,,2,,,,,Starvation
43312,North Africa,1-Jun-16,2016,Jun,1,,1,,,,,Starvation
44496,North Africa,31-May-16,2016,May,2,,2,,,,,Shot
44500,North Africa,31-May-16,2016,May,1,,1,,,,,Shot
44497,North Africa,31-May-16,2016,May,1,,1,,,,,Dehydration
42492,US-Mexico Border,30-May-16,2016,May,1,,1,,,1,,Drowning
43238,US-Mexico Border,25-May-16,2016,May,1,,1,,,,1,Drowning
42487,Central America,24-May-16,2016,May,1,,1,1,,1,,Murdered
42517,Central America,20-May-16,2016,May,1,,1,,,1,,Murdered
42756,Central America,20-May-16,2016,May,1,,1,,,1,,Drowning
42835,US-Mexico Border,15-May-16,2016,May,1,,1,,,1,,Dehydration
42725,US-Mexico Border,13-May-16,2016,May,1,,1,,,1,,Drowning
42529,US-Mexico Border,11-May-16,2016,May,1,,1,,,1,,Drowning
42648,North Africa,11-May-16,2016,May,10,10,20,29,,,,Drowning
42533,US-Mexico Border,3-May-16,2016,May,1,,1,,,1,,Drowning
42537,US-Mexico Border,3-May-16,2016,May,1,,1,,,1,,Drowning
43243,North Africa,1-May-16,2016,May,1,,1,,,,,Starvation
43245,North Africa,1-May-16,2016,May,3,,3,,,,,Dehydration
44489,North Africa,30-Apr-16,2016,Apr,1,,1,,,,,Shot
42453,US-Mexico Border,29-Apr-16,2016,Apr,1,,1,,,1,,Drowning
42507,US-Mexico Border,24-Apr-16,2016,Apr,1,,1,,,1,,Drowning
42465,US-Mexico Border,21-Apr-16,2016,Apr,1,,1,,,,,Drowning
42602,Central America,21-Apr-16,2016,Apr,1,,1,,,1,,Murdered
42834,Central America,21-Apr-16,2016,Apr,1,,1,,,1,,Hyperthermia
42478,Central America,9-Apr-16,2016,Apr,1,,1,,,1,,Shot
42527,US-Mexico Border,8-Apr-16,2016,Apr,1,,1,,,1,,Drowning
42840,US-Mexico Border,6-Apr-16,2016,Apr,1,,1,,,1,,Drowning
42428,US-Mexico Border,5-Apr-16,2016,Apr,1,,1,,,1,,Drowning
43189,Central America,1-Apr-16,2016,Apr,1,,1,,,1,,Cardiac arrest
43213,North Africa,1-Apr-16,2016,Apr,1,,1,,,,,Dehydration
43214,North Africa,1-Apr-16,2016,Apr,1,,1,,,,,Dehydration
43215,North Africa,1-Apr-16,2016,Apr,1,,1,,,,,Murdered
44480,North Africa,31-Mar-16,2016,Mar,2,,2,,,,,Dehydration
44484,North Africa,31-Mar-16,2016,Mar,3,,3,,,,,Dehydration
42421,US-Mexico Border,26-Mar-16,2016,Mar,1,,1,,,1,,Drowning
42433,US-Mexico Border,20-Mar-16,2016,Mar,1,,1,,,,,Drowning
43177,North Africa,20-Mar-16,2016,Mar,2,,2,,,,,Starvation
43181,North Africa,20-Mar-16,2016,Mar,3,,3,,,,,Starvation
43154,North Africa,17-Mar-16,2016,Mar,1,,1,,,,,Starvation
43158,North Africa,17-Mar-16,2016,Mar,1,,1,,,,,Suffocation
42429,Central America,14-Mar-16,2016,Mar,1,,1,,,1,,Train Accident
42488,US-Mexico Border,14-Mar-16,2016,Mar,1,,1,,,1,,Drowning
42950,Europe,14-Mar-16,2016,Mar,3,,3,23,1,2,,Drowning
42534,Central America,10-Mar-16,2016,Mar,1,,1,,,1,,Asphyxiation
42420,US-Mexico Border,8-Mar-16,2016,Mar,1,,1,,,1,,Drowning
44691,North Africa,29-Feb-16,2016,Feb,1,,1,,,,,Dehydration
42422,US-Mexico Border,28-Feb-16,2016,Feb,1,,1,,,1,,Drowning
42418,US-Mexico Border,25-Feb-16,2016,Feb,1,,1,,,1,,Drowning
43123,North Africa,21-Feb-16,2016,Feb,1,,1,,,,,Suffocation
43136,North Africa,21-Feb-16,2016,Feb,1,,1,,,,,Starvation
42526,US-Mexico Border,19-Feb-16,2016,Feb,1,,1,,,1,,Drowning
43115,North Africa,19-Feb-16,2016,Feb,1,,1,,,,,Suffocation
42885,Middle East,17-Feb-16,2016,Feb,1,,1,,1,,,Shot
42440,Europe,10-Feb-16,2016,Feb,1,,1,,,1,,Drowning
42641,US-Mexico Border,9-Feb-16,2016,Feb,1,,1,,,1,,Drowning
42423,North Africa,2-Feb-16,2016,Feb,7,,7,42,,7,,Drowning
43138,North Africa,1-Feb-16,2016,Feb,2,,2,,,,,Dehydration
44394,US-Mexico Border,31-Jan-16,2016,Jan,1,,1,,,1,,Drowning
42480,Central America,30-Jan-16,2016,Jan,1,,1,,,1,,Murdered
42411,Europe,25-Jan-16,2016,Jan,1,,1,2,,1,,Murdered
42410,US-Mexico Border,21-Jan-16,2016,Jan,1,,1,,,1,,Drowning
43051,North Africa,19-Jan-16,2016,Jan,14,,14,,,,,Dehydration
42472,South America,11-Jan-16,2016,Jan,9,6,15,15,,,,Drowning
43065,North Africa,1-Jan-16,2016,Jan,6,,6,,,,,Starvation
44613,North Africa,31-Dec-15,2015,Dec,4,,4,,,,,Shot
40656,Central America,30-Dec-15,2015,Dec,3,,3,,,,,Murdered
40687,North Africa,27-Dec-15,2015,Dec,1,,1,,,1,,Shot
40524,US-Mexico Border,24-Dec-15,2015,Dec,1,,1,,,1,,Drowning
40782,North Africa,20-Dec-15,2015,Dec,6,,6,,,,,Starvation
40607,Europe,19-Dec-15,2015,Dec,1,,1,,,1,,Fall
40757,North Africa,19-Dec-15,2015,Dec,1,,1,,,,,Dehydration
40758,North Africa,19-Dec-15,2015,Dec,1,,1,,,,,Dehydration
40770,North Africa,19-Dec-15,2015,Dec,2,,2,,,,,Harsh conditions
40769,North Africa,17-Dec-15,2015,Dec,3,,3,,,,,Harsh conditions
40780,North Africa,17-Dec-15,2015,Dec,8,,8,,,,,Starvation
40779,North Africa,16-Dec-15,2015,Dec,34,,34,,,,,Starvation
40819,North Africa,16-Dec-15,2015,Dec,2,,2,,,,,Starvation
40768,North Africa,15-Dec-15,2015,Dec,1,,1,,,,,Harsh conditions
40611,Central America,11-Dec-15,2015,Dec,1,,1,,,1,,Cardiac arrest
40767,North Africa,9-Dec-15,2015,Dec,3,,3,,,,,Harsh conditions
40559,North Africa,8-Dec-15,2015,Dec,11,27,38,,1,10,,Drowning
40843,North Africa,4-Dec-15,2015,Dec,2,,2,,,2,,Suffocation
40495,US-Mexico Border,3-Dec-15,2015,Dec,1,,1,,,1,,Drowning
40570,Europe,3-Dec-15,2015,Dec,1,,1,,,1,,Electrocution
40295,North Africa,1-Dec-15,2015,Dec,1,,1,,,,,Dehydration
40493,US-Mexico Border,1-Dec-15,2015,Dec,1,,1,,,1,,Drowning
40494,US-Mexico Border,1-Dec-15,2015,Dec,1,,1,,,1,,Drowning
40683,North Africa,30-Nov-15,2015,Nov,4,,4,,,,,Shot
40490,US-Mexico Border,28-Nov-15,2015,Nov,2,,2,,,2,,Drowning
40487,US-Mexico Border,26-Nov-15,2015,Nov,1,,1,,,1,,Drowning
40571,US-Mexico Border,24-Nov-15,2015,Nov,1,,1,,,1,,Electrocution
40686,North Africa,23-Nov-15,2015,Nov,5,,5,,,,,Shot
40483,US-Mexico Border,21-Nov-15,2015,Nov,1,,1,,,1,,Drowning
40482,US-Mexico Border,20-Nov-15,2015,Nov,1,,1,,,1,,Drowning
40766,North Africa,19-Nov-15,2015,Nov,1,,1,,,,,Harsh conditions
40778,North Africa,19-Nov-15,2015,Nov,3,,3,,,,,Starvation
40817,North Africa,19-Nov-15,2015,Nov,1,,1,,,,,Starvation
40818,North Africa,19-Nov-15,2015,Nov,3,,3,,,,,Starvation
40600,North Africa,18-Nov-15,2015,Nov,1,,1,,,,,Harsh conditions
40765,North Africa,18-Nov-15,2015,Nov,3,,3,,,,,Harsh conditions
40475,North Africa,17-Nov-15,2015,Nov,1,2,3,,1,2,,Drowning
40477,US-Mexico Border,17-Nov-15,2015,Nov,1,,1,,,1,,Drowning
40479,US-Mexico Border,17-Nov-15,2015,Nov,1,,1,,,1,,Drowning
40844,Europe,17-Nov-15,2015,Nov,2,,2,,,2,,Suffocation
40294,North Africa,15-Nov-15,2015,Nov,1,,1,,,,,Dehydration
40688,North Africa,15-Nov-15,2015,Nov,15,,15,,,,,Shot
40859,Europe,13-Nov-15,2015,Nov,1,,1,,1,,1,Train Accident
40685,North Africa,6-Nov-15,2015,Nov,1,,1,,,1,,Shot
40668,North Africa,1-Nov-15,2015,Nov,12,,12,,,,,Murdered
40458,US-Mexico Border,29-Oct-15,2015,Oct,1,,1,,,,,Drowning
40865,Central America,29-Oct-15,2015,Oct,1,,1,,,1,,Train Accident
40610,Europe,28-Oct-15,2015,Oct,1,,1,,1,,,Cardiac arrest
40764,North Africa,28-Oct-15,2015,Oct,2,,2,,,,,Harsh conditions
40609,Central America,26-Oct-15,2015,Oct,1,,1,,,1,,Cardiac arrest
40440,US-Mexico Border,22-Oct-15,2015,Oct,1,,1,,,1,,Drowning
40434,US-Mexico Border,21-Oct-15,2015,Oct,1,,1,,1,,,Drowning
40435,US-Mexico Border,21-Oct-15,2015,Oct,1,,1,,,1,,Drowning
40732,North Africa,20-Oct-15,2015,Oct,1,,1,,,,,Starvation
40775,North Africa,20-Oct-15,2015,Oct,3,,3,,,,,Starvation
40776,North Africa,20-Oct-15,2015,Oct,3,,3,,,,,Starvation
40812,North Africa,20-Oct-15,2015,Oct,5,,5,,,,,Starvation
40813,North Africa,20-Oct-15,2015,Oct,2,,2,,,,,Starvation
40814,North Africa,20-Oct-15,2015,Oct,1,,1,,,,,Starvation
40815,North Africa,20-Oct-15,2015,Oct,1,,1,,,,,Starvation
40816,North Africa,20-Oct-15,2015,Oct,30,,30,,,,,Starvation
40430,US-Mexico Border,18-Oct-15,2015,Oct,1,,1,,1,,,Drowning
40632,US-Mexico Border,16-Oct-15,2015,Oct,1,,1,,,1,,Hyperthermia
40855,Europe,16-Oct-15,2015,Oct,1,,1,,,1,1,Train Accident
40684,Europe,15-Oct-15,2015,Oct,1,,1,,,1,,Shot
40850,Europe,15-Oct-15,2015,Oct,1,,1,,,,,Train Accident
40424,Central America,14-Oct-15,2015,Oct,1,,1,,,1,,Drowning
40681,US-Mexico Border,14-Oct-15,2015,Oct,1,,1,,,1,,Shot
40774,North Africa,13-Oct-15,2015,Oct,28,,28,,,,,Starvation
40810,North Africa,13-Oct-15,2015,Oct,5,,5,,,,,Starvation
40811,North Africa,13-Oct-15,2015,Oct,1,,1,,,,,Starvation
40422,US-Mexico Border,11-Oct-15,2015,Oct,1,,1,,,1,,Drowning
40809,North Africa,10-Oct-15,2015,Oct,1,,1,,,,,Starvation
40808,North Africa,8-Oct-15,2015,Oct,8,,8,,,,,Starvation
40807,North Africa,7-Oct-15,2015,Oct,4,,4,,,,,Starvation
40805,North Africa,6-Oct-15,2015,Oct,3,,3,,,,,Starvation
40806,North Africa,6-Oct-15,2015,Oct,1,,1,,,,,Starvation
40696,Central America,5-Oct-15,2015,Oct,1,,1,,,1,,Shot
40292,North Africa,1-Oct-15,2015,Oct,7,,7,,,,,Dehydration
40804,North Africa,1-Oct-15,2015,Oct,2,,2,,,,,Starvation
40612,Europe,30-Sep-15,2015,Sep,1,,1,,,1,,Train Accident
44611,North Africa,30-Sep-15,2015,Sep,1,,1,,,,,Shot
40694,Central America,29-Sep-15,2015,Sep,1,,1,,,1,,Shot
40414,US-Mexico Border,28-Sep-15,2015,Sep,1,,1,,,,,Drowning
40849,Europe,24-Sep-15,2015,Sep,1,,1,,,1,1,Train Accident
40697,Central America,23-Sep-15,2015,Sep,1,,1,,,1,,Shot
40866,Central America,22-Sep-15,2015,Sep,2,,2,,,,,Train Accident
40803,North Africa,21-Sep-15,2015,Sep,1,,1,,,,,Starvation
40532,Europe,20-Sep-15,2015,Sep,1,,1,,,1,,Drowning
40761,North Africa,20-Sep-15,2015,Sep,1,,1,,,,,Harsh conditions
40762,North Africa,20-Sep-15,2015,Sep,2,,2,,,,,Harsh conditions
40763,North Africa,20-Sep-15,2015,Sep,1,,1,,,,,Harsh conditions
40773,North Africa,20-Sep-15,2015,Sep,3,,3,,,,,Starvation
40598,North Africa,19-Sep-15,2015,Sep,1,,1,,,,,Harsh conditions
40599,North Africa,19-Sep-15,2015,Sep,2,,2,,,,,Harsh conditions
40772,North Africa,19-Sep-15,2015,Sep,3,,3,,,,,Starvation
40760,North Africa,18-Sep-15,2015,Sep,1,,1,,,,,Harsh conditions
40802,North Africa,18-Sep-15,2015,Sep,2,,2,,,,,Starvation
40771,North Africa,17-Sep-15,2015,Sep,3,,3,,,,,Starvation
40801,North Africa,17-Sep-15,2015,Sep,2,,2,,,,,Starvation
40401,US-Mexico Border,12-Sep-15,2015,Sep,1,,1,,,1,,Drowning
40854,Central America,10-Sep-15,2015,Sep,1,,1,,,1,,Train Accident
40631,US-Mexico Border,9-Sep-15,2015,Sep,1,,1,,,1,,Hyperthermia
40858,Europe,4-Sep-15,2015,Sep,1,,1,,,1,,Train Accident
40390,Europe,1-Sep-15,2015,Sep,1,,1,,,1,,Drowning
40666,North Africa,1-Sep-15,2015,Sep,3,,3,,,,,Murdered
44610,North Africa,31-Aug-15,2015,Aug,3,,3,,,,,Starvation
40630,US-Mexico Border,28-Aug-15,2015,Aug,1,,1,,,1,,Hyperthermia
40846,Europe,27-Aug-15,2015,Aug,71,,71,,8,59,4,Suffocation
40385,US-Mexico Border,24-Aug-15,2015,Aug,1,,1,,,1,,Drowning
40629,US-Mexico Border,23-Aug-15,2015,Aug,1,,1,,,1,,Hyperthermia
40628,US-Mexico Border,21-Aug-15,2015,Aug,1,,1,,,1,,Hyperthermia
40627,US-Mexico Border,20-Aug-15,2015,Aug,1,,1,,,1,,Hyperthermia
40759,North Africa,20-Aug-15,2015,Aug,2,,2,,,,,Harsh conditions
40624,US-Mexico Border,18-Aug-15,2015,Aug,1,,1,,,1,,Hyperthermia
40625,US-Mexico Border,18-Aug-15,2015,Aug,1,,1,,,1,,Hyperthermia
40626,US-Mexico Border,18-Aug-15,2015,Aug,1,,1,,,1,,Hyperthermia
40848,Central America,18-Aug-15,2015,Aug,20,,20,,,,,Train Accident
40380,US-Mexico Border,17-Aug-15,2015,Aug,1,,1,,,1,,Drowning
40378,US-Mexico Border,15-Aug-15,2015,Aug,1,,1,,,1,,Drowning
40377,US-Mexico Border,14-Aug-15,2015,Aug,1,,1,,,1,,Drowning
40623,US-Mexico Border,14-Aug-15,2015,Aug,1,,1,,,1,,Hyperthermia
40622,US-Mexico Border,13-Aug-15,2015,Aug,1,,1,,,1,,Hyperthermia
40621,US-Mexico Border,10-Aug-15,2015,Aug,1,,1,,,1,,Hyperthermia
40692,Middle East,10-Aug-15,2015,Aug,1,,1,,1,,1,Shot
40620,US-Mexico Border,8-Aug-15,2015,Aug,1,,1,,,1,,Hyperthermia
40619,US-Mexico Border,5-Aug-15,2015,Aug,1,,1,,,1,,Hyperthermia
40618,US-Mexico Border,4-Aug-15,2015,Aug,1,,1,,,1,,Hyperthermia
40695,Central America,4-Aug-15,2015,Aug,1,,1,,,1,,Shot
40853,Central America,4-Aug-15,2015,Aug,1,,1,,,1,,Train Accident
40680,Central America,3-Aug-15,2015,Aug,1,,1,,,1,,Shot
40663,North Africa,1-Aug-15,2015,Aug,1,,1,,,,,Murdered
40800,North Africa,1-Aug-15,2015,Aug,1,,1,,,,,Starvation
40840,North Africa,1-Aug-15,2015,Aug,1,,1,,,,,Suffocation
40662,US-Mexico Border,31-Jul-15,2015,Jul,1,,1,,,1,,Murdered
40371,US-Mexico Border,29-Jul-15,2015,Jul,1,,1,,,1,,Drowning
40370,US-Mexico Border,28-Jul-15,2015,Jul,1,,1,,,1,,Drowning
40369,Europe,24-Jul-15,2015,Jul,1,,1,,,1,,Drowning
40798,North Africa,23-Jul-15,2015,Jul,1,,1,,,,,Starvation
40799,North Africa,23-Jul-15,2015,Jul,7,,7,,,,,Starvation
40367,US-Mexico Border,21-Jul-15,2015,Jul,3,,3,,,3,1,Drowning
40366,Europe,19-Jul-15,2015,Jul,1,,1,,,1,1,Drowning
40362,US-Mexico Border,7-Jul-15,2015,Jul,1,,1,,,1,1,Drowning
40857,Europe,7-Jul-15,2015,Jul,1,,1,,,1,,Train Accident
40797,North Africa,6-Jul-15,2015,Jul,1,,1,,,,,Starvation
40665,North Africa,1-Jul-15,2015,Jul,2,,2,,,,,Murdered
40667,North Africa,1-Jul-15,2015,Jul,1,,1,,,,,Murdered
40795,North Africa,1-Jul-15,2015,Jul,1,,1,,,,,Starvation
40796,North Africa,1-Jul-15,2015,Jul,3,,3,,,,,Starvation
44608,North Africa,30-Jun-15,2015,Jun,2,,2,,,,,Dehydration
40617,US-Mexico Border,27-Jun-15,2015,Jun,1,,1,,,1,,Hyperthermia
40856,Europe,26-Jun-15,2015,Jun,1,,1,,,1,,Train Accident
40360,US-Mexico Border,25-Jun-15,2015,Jun,1,,1,,,1,,Drowning
40358,US-Mexico Border,21-Jun-15,2015,Jun,1,,1,,,1,,Drowning
40852,Central America,16-Jun-15,2015,Jun,1,,1,,,1,,Train Accident
40299,North Africa,15-Jun-15,2015,Jun,15,,15,,,,,Dehydration
40616,US-Mexico Border,8-Jun-15,2015,Jun,1,,1,,,1,,Hyperthermia
40297,North Africa,3-Jun-15,2015,Jun,18,,18,,1,17,,Dehydration
40298,North Africa,3-Jun-15,2015,Jun,,,0,,,,,Dehydration
40300,North Africa,3-Jun-15,2015,Jun,,,0,,,,,Dehydration
40614,US-Mexico Border,1-Jun-15,2015,Jun,1,,1,,1,,,Hyperthermia
40615,US-Mexico Border,1-Jun-15,2015,Jun,1,,1,,,1,,Hyperthermia
40664,North Africa,1-Jun-15,2015,Jun,1,,1,,,,,Murdered
40690,Central America,31-May-15,2015,May,1,,1,,,1,,Shot
40355,US-Mexico Border,28-May-15,2015,May,8,,8,,,,,Drowning
40356,US-Mexico Border,28-May-15,2015,May,,1,1,,,1,,Drowning
40608,South America,27-May-15,2015,May,1,,1,,,1,,Cardiac arrest
40350,US-Mexico Border,18-May-15,2015,May,1,,1,,,1,,Drowning
40691,Central America,10-May-15,2015,May,1,,1,2,,1,,Shot
40290,North Africa,1-May-15,2015,May,6,,6,,,,,Dehydration
40661,North Africa,1-May-15,2015,May,2,,2,,,,,Murdered
44606,North Africa,30-Apr-15,2015,Apr,2,,2,,,,,Shot
40863,Europe,24-Apr-15,2015,Apr,1,,1,,,1,,Train Accident
40862,Europe,23-Apr-15,2015,Apr,14,,14,36,,,,Train Accident
40348,US-Mexico Border,21-Apr-15,2015,Apr,1,,1,,,1,,Drowning
40851,Central America,17-Apr-15,2015,Apr,1,,1,,,1,,Train Accident
40343,US-Mexico Border,15-Apr-15,2015,Apr,1,2,3,,2,1,,Drowning
40342,US-Mexico Border,14-Apr-15,2015,Apr,1,,1,,,1,,Drowning
40296,North Africa,1-Apr-15,2015,Apr,1,,1,,,,,Dehydration
40333,US-Mexico Border,17-Mar-15,2015,Mar,1,,1,,,1,,Drowning
40860,Central America,17-Mar-15,2015,Mar,,,0,,,,,Train Accident
40861,Central America,17-Mar-15,2015,Mar,6,,6,269,,,,Train Accident
40331,North Africa,11-Mar-15,2015,Mar,4,8,12,18,,,1,Drowning
40332,US-Mexico Border,11-Mar-15,2015,Mar,1,,1,,,,,Drowning
40329,Central America,9-Mar-15,2015,Mar,1,,1,,,1,,Drowning
40328,North Africa,8-Mar-15,2015,Mar,4,,4,30,,,,Drowning
40326,US-Mexico Border,6-Mar-15,2015,Mar,1,,1,,,1,,Drowning
40327,US-Mexico Border,6-Mar-15,2015,Mar,1,,1,,,1,,Drowning
40533,Central America,6-Mar-15,2015,Mar,1,,1,,,1,,Drowning
40539,North Africa,4-Mar-15,2015,Mar,,25,25,,,,,Drowning
40597,North Africa,1-Mar-15,2015,Mar,3,,3,,,,,Harsh conditions
40659,North Africa,1-Mar-15,2015,Mar,1,,1,,,,,Murdered
40660,North Africa,1-Mar-15,2015,Mar,2,,2,,,,,Murdered
40321,US-Mexico Border,28-Feb-15,2015,Feb,6,,6,,1,4,,Drowning
40317,US-Mexico Border,6-Feb-15,2015,Feb,1,,1,,,1,,Drowning
40315,US-Mexico Border,30-Jan-15,2015,Jan,1,,1,,,1,,Drowning
40655,Central America,19-Jan-15,2015,Jan,1,,1,,,1,,Murdered
40658,Central America,17-Jan-15,2015,Jan,1,,1,,,1,,Murdered
40596,North Africa,1-Jan-15,2015,Jan,26,,26,,,,,Harsh conditions
40657,North Africa,1-Jan-15,2015,Jan,1,,1,,,,,Murdered
39442,North Africa,31-Dec-14,2014,Dec,1,,1,,,,,Murdered
39438,Europe,19-Nov-14,2014,Nov,2,,2,,,,,Burned
39376,Middle East,7-Nov-14,2014,Nov,27,11,38,6,4,,11,Drowning
39346,US-Mexico Border,14-Sep-14,2014,Sep,1,,1,,,1,,Drowning
39347,US-Mexico Border,14-Sep-14,2014,Sep,1,0,1,0,,1,,Hyperthermia
39226,Central America,12-Sep-14,2014,Sep,1,,1,,,1,,Train Accident
39223,Central America,10-Sep-14,2014,Sep,2,,2,17,,,,Drowning
39340,US-Mexico Border,23-Aug-14,2014,Aug,1,,1,,,1,,Hyperthermia
39334,US-Mexico Border,4-Aug-14,2014,Aug,1,,1,,,1,,Hyperthermia
39333,Central America,3-Aug-14,2014,Aug,1,,1,,,1,,Train Accident
39363,Middle East,31-Jul-14,2014,Jul,1,,1,,,,,Harsh conditions
39222,US-Mexico Border,30-Jul-14,2014,Jul,1,,1,,,1,1,Electrocution
39328,US-Mexico Border,26-Jul-14,2014,Jul,1,,1,,,1,,Hyperthermia
39323,Central America,7-Jul-14,2014,Jul,1,,1,,,1,,Train Accident
39320,US-Mexico Border,2-Jul-14,2014,Jul,1,,1,,,,,Hyperthermia
39314,US-Mexico Border,18-Jun-14,2014,Jun,1,,1,,,1,,Hyperthermia
39412,North Africa,16-Jun-14,2014,Jun,,29,29,,,,,Drowning
39311,US-Mexico Border,14-Jun-14,2014,Jun,1,,1,,,1,,Hyperthermia
39306,US-Mexico Border,12-Jun-14,2014,Jun,1,,1,,1,,,Hyperthermia
39304,US-Mexico Border,10-Jun-14,2014,Jun,1,,1,,,1,,Hyperthermia
39302,US-Mexico Border,9-Jun-14,2014,Jun,1,,1,,,1,,Hyperthermia
39221,US-Mexico Border,3-Jun-14,2014,Jun,1,,1,,,1,,Hyperthermia
39218,US-Mexico Border,27-Apr-14,2014,Apr,1,,1,,,1,,Hyperthermia
39235,North Africa,14-Apr-14,2014,Apr,10,0,10,309,,,,Hyperthermia
39273,US-Mexico Border,15-Mar-14,2014,Mar,1,,1,,,,,Hyperthermia
39372,US-Mexico Border,11-Mar-14,2014,Mar,1,,1,,1,,1,Suicide
39212,US-Mexico Border,4-Mar-14,2014,Mar,1,,1,,1,,,Hyperthermia
39379,South Asia,26-Feb-14,2014,Feb,1,0,1,0,,1,,Shot
39211,US-Mexico Border,18-Feb-14,2014,Feb,1,,1,2,,1,,Shot
39258,US-Mexico Border,17-Jan-14,2014,Jan,1,,1,,,,,Shot
39207,US-Mexico Border,16-Jan-14,2014,Jan,1,,1,,,1,,Shot
39368,Europe,16-Jan-14,2014,Jan,1,0,1,2,,1,,Hyperthermia
