"","ï..Web.ID","Region","Reported.Date","Reported.Year","Reported.Month","Number.Dead","Minimum.Estimated.Number.of.Missing","Total.Dead.and.Missing","Number.of.Survivors","Number.of.Females","Number.of.Males","Number.of.Children","Cause.of.Death"
"1",45909,"US-Mexico Border","3-Sep-18",2018,"Sep",1,NA,1,NA,NA,1,NA,"Dehydration"
"2",45902,"US-Mexico Border","31-Aug-18",2018,"Aug",1,NA,1,NA,NA,1,NA,"Drowning"
"3",45895,"US-Mexico Border","30-Aug-18",2018,"Aug",1,NA,1,NA,NA,1,NA,"Drowning"
"4",45894,"US-Mexico Border","29-Aug-18",2018,"Aug",1,NA,1,NA,NA,1,NA,"Dehydration"
"5",45888,"US-Mexico Border","28-Aug-18",2018,"Aug",2,NA,2,NA,NA,2,NA,"Drowning"
"6",45892,"US-Mexico Border","27-Aug-18",2018,"Aug",1,NA,1,NA,NA,1,NA,"Dehydration"
"7",45882,"US-Mexico Border","24-Aug-18",2018,"Aug",1,NA,1,NA,NA,1,NA,"Drowning"
"8",45880,"US-Mexico Border","23-Aug-18",2018,"Aug",1,NA,1,NA,1,NA,NA,"Drowning"
"9",45867,"US-Mexico Border","19-Aug-18",2018,"Aug",1,NA,1,NA,NA,NA,NA,"Dehydration"
"10",45866,"US-Mexico Border","19-Aug-18",2018,"Aug",2,NA,2,NA,NA,NA,NA,"Drowning"
"11",45858,"US-Mexico Border","18-Aug-18",2018,"Aug",1,NA,1,NA,NA,1,NA,"Dehydration"
"12",45859,"US-Mexico Border","18-Aug-18",2018,"Aug",1,NA,1,NA,NA,1,NA,"Drowning"
"13",45853,"US-Mexico Border","16-Aug-18",2018,"Aug",1,NA,1,NA,1,NA,NA,"Drowning"
"14",45850,"Central America","15-Aug-18",2018,"Aug",3,NA,3,NA,NA,NA,NA,"Train Accident"
"15",45845,"US-Mexico Border","15-Aug-18",2018,"Aug",1,NA,1,NA,NA,1,NA,"Drowning"
"16",45819,"Europe","1-Aug-18",2018,"Aug",2,NA,2,NA,NA,NA,NA,"Shot"
"17",45818,"US-Mexico Border","30-Jul-18",2018,"Jul",1,NA,1,NA,NA,1,NA,"Drowning"
"18",45816,"Europe","29-Jul-18",2018,"Jul",1,NA,1,NA,NA,1,1,"Drowning"
"19",45815,"US-Mexico Border","25-Jul-18",2018,"Jul",1,NA,1,2,NA,1,NA,"Dehydration"
"20",45756,"US-Mexico Border","24-Jul-18",2018,"Jul",1,NA,1,NA,NA,1,NA,"Drowning"
"21",45814,"US-Mexico Border","24-Jul-18",2018,"Jul",1,NA,1,NA,NA,NA,NA,"Dehydration"
"22",45757,"US-Mexico Border","24-Jul-18",2018,"Jul",1,NA,1,1,NA,1,NA,"Cardiac arrest"
"23",45758,"North Africa","24-Jul-18",2018,"Jul",1,NA,1,NA,NA,1,NA,"Shot"
"24",45827,"Europe","23-Jul-18",2018,"Jul",1,NA,1,NA,NA,1,NA,"Stabbed"
"25",45754,"US-Mexico Border","22-Jul-18",2018,"Jul",1,NA,1,2,1,NA,NA,"Dehydration"
"26",45751,"US-Mexico Border","21-Jul-18",2018,"Jul",1,NA,1,1,NA,1,NA,"Dehydration"
"27",45813,"US-Mexico Border","21-Jul-18",2018,"Jul",1,NA,1,NA,NA,1,NA,"Dehydration"
"28",45810,"US-Mexico Border","21-Jul-18",2018,"Jul",1,NA,1,NA,1,NA,NA,"Dehydration"
"29",45753,"US-Mexico Border","20-Jul-18",2018,"Jul",1,NA,1,NA,NA,1,NA,"Drowning"
"30",45747,"Middle East","19-Jul-18",2018,"Jul",2,2,4,5,1,3,3,"Drowning"
"31",45752,"US-Mexico Border","19-Jul-18",2018,"Jul",1,NA,1,NA,NA,1,NA,"Dehydration"
"32",45731,"North Africa","16-Jul-18",2018,"Jul",8,NA,8,90,1,1,6,"Suffocation"
"33",45741,"US-Mexico Border","15-Jul-18",2018,"Jul",1,NA,1,3,NA,1,NA,"Hyperthermia"
"34",45728,"South America","12-Jul-18",2018,"Jul",1,NA,1,NA,NA,1,NA,"Drowning"
"35",45725,"US-Mexico Border","9-Jul-18",2018,"Jul",1,NA,1,NA,NA,1,NA,"Drowning"
"36",45740,"US-Mexico Border","6-Jul-18",2018,"Jul",1,NA,1,NA,NA,NA,NA,"Drowning"
"37",45724,"US-Mexico Border","6-Jul-18",2018,"Jul",1,NA,1,NA,NA,1,NA,"Hyperthermia"
"38",45720,"Europe","5-Jul-18",2018,"Jul",1,NA,1,NA,NA,1,NA,"Drowning"
"39",45716,"US-Mexico Border","3-Jul-18",2018,"Jul",1,NA,1,NA,NA,1,NA,"Drowning"
"40",45727,"US-Mexico Border","1-Jul-18",2018,"Jul",1,NA,1,NA,NA,1,NA,"Drowning"
"41",45739,"US-Mexico Border","30-Jun-18",2018,"Jun",1,NA,1,NA,NA,NA,NA,"Dehydration"
"42",45771,"US-Mexico Border","27-Jun-18",2018,"Jun",1,NA,1,NA,NA,NA,NA,"Hyperthermia"
"43",44928,"US-Mexico Border","25-Jun-18",2018,"Jun",1,NA,1,NA,NA,1,NA,"Dehydration"
"44",45788,"US-Mexico Border","24-Jun-18",2018,"Jun",1,NA,1,NA,1,NA,NA,"Hyperthermia"
"45",44927,"US-Mexico Border","23-Jun-18",2018,"Jun",1,NA,1,NA,NA,1,NA,"Drowning"
"46",44939,"US-Mexico Border","22-Jun-18",2018,"Jun",1,NA,1,NA,NA,1,NA,"Drowning"
"47",44904,"US-Mexico Border","18-Jun-18",2018,"Jun",1,NA,1,NA,NA,1,NA,"Dehydration"
"48",44890,"US-Mexico Border","17-Jun-18",2018,"Jun",1,NA,1,NA,NA,1,NA,"Drowning"
"49",44887,"Middle East","16-Jun-18",2018,"Jun",1,NA,1,NA,NA,NA,NA,"Shot"
"50",44889,"US-Mexico Border","13-Jun-18",2018,"Jun",1,NA,1,NA,NA,1,NA,"Drowning"
"51",45871,"US-Mexico Border","11-Jun-18",2018,"Jun",1,NA,1,NA,NA,1,NA,"Dehydration"
"52",44888,"US-Mexico Border","10-Jun-18",2018,"Jun",1,NA,1,NA,NA,1,NA,"Drowning"
"53",44886,"Middle East","9-Jun-18",2018,"Jun",1,NA,1,NA,NA,1,NA,"Shot"
"54",45738,"US-Mexico Border","7-Jun-18",2018,"Jun",1,NA,1,NA,NA,NA,NA,"Drowning"
"55",44931,"US-Mexico Border","7-Jun-18",2018,"Jun",1,NA,1,NA,NA,1,NA,"Asphyxiation"
"56",44868,"US-Mexico Border","7-Jun-18",2018,"Jun",1,NA,1,NA,NA,1,NA,"Dehydration"
"57",44885,"Middle East","6-Jun-18",2018,"Jun",1,NA,1,NA,NA,1,1,"Shot"
"58",44867,"Europe","6-Jun-18",2018,"Jun",1,NA,1,NA,NA,1,NA,"Asphyxiation"
"59",44864,"US-Mexico Border","3-Jun-18",2018,"Jun",1,NA,1,NA,NA,1,NA,"Drowning"
"60",44837,"Europe","3-Jun-18",2018,"Jun",1,NA,1,NA,NA,1,NA,"Drowning"
"61",45737,"US-Mexico Border","2-Jun-18",2018,"Jun",1,NA,1,NA,NA,NA,NA,"Drowning"
"62",44901,"Middle East","28-May-18",2018,"May",2,NA,2,NA,2,NA,1,"Drowning"
"63",44884,"Middle East","27-May-18",2018,"May",1,NA,1,NA,NA,1,NA,"Shot"
"64",44823,"US-Mexico Border","26-May-18",2018,"May",1,NA,1,NA,NA,1,NA,"Drowning"
"65",44883,"Middle East","26-May-18",2018,"May",1,NA,1,NA,NA,NA,NA,"Shot"
"66",44900,"Middle East","25-May-18",2018,"May",1,NA,1,NA,NA,1,NA,"Drowning"
"67",44820,"US-Mexico Border","24-May-18",2018,"May",2,NA,2,NA,NA,2,NA,"Drowning"
"68",44817,"US-Mexico Border","23-May-18",2018,"May",1,NA,1,3,1,NA,NA,"Shot"
"69",44818,"North Africa","23-May-18",2018,"May",15,NA,15,25,NA,NA,NA,"Shot"
"70",44816,"Central America","22-May-18",2018,"May",1,NA,1,106,NA,1,NA,"Shot"
"71",44813,"Europe","21-May-18",2018,"May",1,NA,1,2,NA,1,NA,"Drowning"
"72",44875,"Europe","20-May-18",2018,"May",1,NA,1,NA,NA,1,NA,"Drowning"
"73",44809,"Europe","17-May-18",2018,"May",1,NA,1,NA,1,NA,1,"Shot"
"74",44856,"US-Mexico Border","13-May-18",2018,"May",1,NA,1,NA,NA,1,NA,"Dehydration"
"75",44805,"US-Mexico Border","13-May-18",2018,"May",1,NA,1,NA,NA,1,NA,"Drowning"
"76",44882,"Middle East","13-May-18",2018,"May",1,NA,1,NA,NA,1,NA,"Shot"
"77",44829,"US-Mexico Border","12-May-18",2018,"May",1,NA,1,NA,NA,1,NA,"Drowning"
"78",44799,"US-Mexico Border","11-May-18",2018,"May",1,NA,1,NA,NA,1,NA,"Drowning"
"79",44804,"US-Mexico Border","11-May-18",2018,"May",1,NA,1,NA,NA,1,NA,"Drowning"
"80",44803,"Europe","9-May-18",2018,"May",1,NA,1,NA,1,NA,NA,"Drowning"
"81",44881,"Middle East","8-May-18",2018,"May",2,NA,2,NA,NA,1,NA,"Shot"
"82",44852,"US-Mexico Border","6-May-18",2018,"May",1,NA,1,NA,1,NA,NA,"Hyperthermia"
"83",44788,"US-Mexico Border","3-May-18",2018,"May",1,NA,1,NA,NA,1,NA,"Drowning"
"84",44802,"Europe","30-Apr-18",2018,"Apr",1,NA,1,NA,NA,1,NA,"Drowning"
"85",44781,"Europe","30-Apr-18",2018,"Apr",1,NA,1,7,NA,1,NA,"Drowning"
"86",44801,"Europe","29-Apr-18",2018,"Apr",1,NA,1,NA,NA,1,NA,"Drowning"
"87",44780,"US-Mexico Border","29-Apr-18",2018,"Apr",1,NA,1,NA,NA,1,NA,"Drowning"
"88",44777,"US-Mexico Border","26-Apr-18",2018,"Apr",1,NA,1,NA,NA,1,NA,"Drowning"
"89",44880,"Middle East","23-Apr-18",2018,"Apr",1,NA,1,NA,NA,1,1,"Shot"
"90",44874,"Europe","22-Apr-18",2018,"Apr",1,NA,1,NA,NA,1,NA,"Drowning"
"91",44879,"Middle East","21-Apr-18",2018,"Apr",2,NA,2,NA,NA,2,NA,"Shot"
"92",44878,"Middle East","20-Apr-18",2018,"Apr",2,NA,2,NA,NA,2,NA,"Shot"
"93",44767,"South America","19-Apr-18",2018,"Apr",4,NA,4,NA,NA,3,1,"Drowning"
"94",44877,"Middle East","14-Apr-18",2018,"Apr",2,NA,2,NA,NA,2,NA,"Shot"
"95",44758,"US-Mexico Border","12-Apr-18",2018,"Apr",2,NA,2,NA,NA,2,NA,"Drowning"
"96",44762,"South Asia","12-Apr-18",2018,"Apr",2,NA,2,NA,NA,2,NA,"Shot"
"97",44757,"Europe","10-Apr-18",2018,"Apr",1,NA,1,3,NA,1,NA,"Drowning"
"98",44755,"Europe","9-Apr-18",2018,"Apr",1,NA,1,1,NA,1,NA,"Drowning"
"99",44774,"North Africa","5-Apr-18",2018,"Apr",1,5,6,NA,NA,NA,NA,"Drowning"
"100",44876,"Middle East","5-Apr-18",2018,"Apr",1,NA,1,NA,1,NA,1,"Shot"
"101",45736,"US-Mexico Border","29-Mar-18",2018,"Mar",1,NA,1,NA,NA,NA,NA,"Drowning"
"102",44683,"Central America","26-Mar-18",2018,"Mar",2,3,5,4,1,1,1,"Drowning"
"103",44679,"US-Mexico Border","24-Mar-18",2018,"Mar",1,NA,1,NA,1,NA,NA,"Suicide"
"104",44678,"US-Mexico Border","22-Mar-18",2018,"Mar",1,NA,1,NA,NA,1,NA,"Drowning"
"105",44712,"US-Mexico Border","18-Mar-18",2018,"Mar",1,NA,1,NA,NA,1,NA,"Drowning"
"106",44756,"South Asia","13-Mar-18",2018,"Mar",2,NA,2,NA,NA,2,NA,"Shot"
"107",44662,"US-Mexico Border","13-Mar-18",2018,"Mar",1,NA,1,NA,NA,1,NA,"Drowning"
"108",44656,"US-Mexico Border","11-Mar-18",2018,"Mar",1,NA,1,4,NA,1,NA,"Drowning"
"109",44673,"US-Mexico Border","7-Mar-18",2018,"Mar",1,NA,1,NA,NA,1,NA,"Drowning"
"110",44650,"Middle East","6-Mar-18",2018,"Mar",1,NA,1,NA,NA,1,NA,"Drowning"
"111",45735,"US-Mexico Border","1-Mar-18",2018,"Mar",1,NA,1,NA,NA,NA,NA,"Drowning"
"112",44619,"Central America","23-Feb-18",2018,"Feb",1,NA,1,25,NA,1,NA,"Shot"
"113",44642,"Central America","23-Feb-18",2018,"Feb",1,NA,1,3,NA,1,NA,"Shot"
"114",44416,"US-Mexico Border","18-Feb-18",2018,"Feb",1,NA,1,NA,NA,1,NA,"Drowning"
"115",44410,"US-Mexico Border","12-Feb-18",2018,"Feb",1,NA,1,NA,NA,1,NA,"Drowning"
"116",44402,"US-Mexico Border","10-Feb-18",2018,"Feb",1,NA,1,NA,NA,1,NA,"Drowning"
"117",45734,"US-Mexico Border","8-Feb-18",2018,"Feb",1,NA,1,NA,NA,NA,NA,"Drowning"
"118",44397,"US-Mexico Border","5-Feb-18",2018,"Feb",1,NA,1,NA,NA,1,NA,"Drowning"
"119",44684,"Middle East","1-Feb-18",2018,"Feb",1,NA,1,NA,1,NA,1,"Shot"
"120",44378,"US-Mexico Border","31-Jan-18",2018,"Jan",1,NA,1,NA,NA,1,NA,"Drowning"
"121",44383,"Europe","31-Jan-18",2018,"Jan",1,NA,1,NA,NA,1,NA,"Drowning"
"122",44380,"US-Mexico Border","31-Jan-18",2018,"Jan",1,NA,1,NA,NA,1,NA,"Drowning"
"123",44379,"US-Mexico Border","31-Jan-18",2018,"Jan",1,NA,1,NA,NA,1,NA,"Drowning"
"124",44363,"Central America","27-Jan-18",2018,"Jan",1,NA,1,NA,NA,1,NA,"Murdered"
"125",44114,"US-Mexico Border","26-Jan-18",2018,"Jan",1,NA,1,NA,NA,1,NA,"Drowning"
"126",44108,"US-Mexico Border","23-Jan-18",2018,"Jan",1,NA,1,NA,1,NA,NA,"Drowning"
"127",44054,"US-Mexico Border","3-Jan-18",2018,"Jan",1,NA,1,NA,NA,1,NA,"Drowning"
"128",44348,"North Africa","27-Dec-17",2017,"Dec",2,NA,2,NA,NA,2,NA,"Dehydration"
"129",44066,"Europe","27-Dec-17",2017,"Dec",1,NA,1,NA,NA,1,NA,"Fall"
"130",44075,"Central America","25-Dec-17",2017,"Dec",1,NA,1,NA,NA,1,NA,"Shot"
"131",44342,"North Africa","23-Dec-17",2017,"Dec",1,NA,1,NA,NA,1,NA,"Starvation"
"132",44073,"US-Mexico Border","23-Dec-17",2017,"Dec",1,NA,1,NA,NA,1,NA,"Drowning"
"133",44686,"Middle East","21-Dec-17",2017,"Dec",7,NA,7,NA,NA,NA,2,"Shot"
"134",44335,"North Africa","21-Dec-17",2017,"Dec",2,NA,2,NA,NA,2,NA,"Starvation"
"135",44328,"North Africa","19-Dec-17",2017,"Dec",1,NA,1,NA,1,NA,NA,"Starvation"
"136",44323,"North Africa","16-Dec-17",2017,"Dec",3,NA,3,NA,NA,3,NA,"Starvation"
"137",44318,"North Africa","13-Dec-17",2017,"Dec",1,NA,1,NA,1,NA,NA,"Starvation"
"138",44319,"North Africa","13-Dec-17",2017,"Dec",3,NA,3,NA,NA,NA,NA,"Starvation"
"139",44316,"North Africa","12-Dec-17",2017,"Dec",3,NA,3,NA,NA,NA,NA,"Dehydration"
"140",44312,"North Africa","8-Dec-17",2017,"Dec",1,NA,1,NA,NA,1,NA,"Starvation"
"141",44309,"North Africa","6-Dec-17",2017,"Dec",2,NA,2,NA,NA,2,1,"Starvation"
"142",44306,"North Africa","5-Dec-17",2017,"Dec",3,NA,3,NA,NA,NA,NA,"Starvation"
"143",44303,"North Africa","1-Dec-17",2017,"Dec",10,NA,10,NA,NA,10,NA,"Dehydration"
"144",44302,"North Africa","30-Nov-17",2017,"Nov",2,NA,2,NA,NA,2,NA,"Dehydration"
"145",44005,"US-Mexico Border","29-Nov-17",2017,"Nov",1,NA,1,NA,NA,1,NA,"Shot"
"146",44548,"Middle East","28-Nov-17",2017,"Nov",1,NA,1,NA,NA,1,NA,"Shot"
"147",44547,"Middle East","27-Nov-17",2017,"Nov",1,NA,1,NA,NA,1,NA,"Shot"
"148",43989,"US-Mexico Border","19-Nov-17",2017,"Nov",1,NA,1,NA,NA,NA,NA,"Drowning"
"149",43983,"South Asia","18-Nov-17",2017,"Nov",5,NA,5,NA,NA,5,NA,"Shot"
"150",43988,"Middle East","17-Nov-17",2017,"Nov",1,NA,1,NA,NA,1,NA,"Shot"
"151",43981,"South Asia","15-Nov-17",2017,"Nov",15,NA,15,NA,NA,15,NA,"Shot"
"152",44274,"North Africa","15-Nov-17",2017,"Nov",5,NA,5,NA,NA,NA,NA,"Starvation"
"153",43979,"Central America","14-Nov-17",2017,"Nov",2,NA,2,24,NA,2,1,"Shot"
"154",43977,"Central America","13-Nov-17",2017,"Nov",2,NA,2,NA,NA,2,NA,"Murdered"
"155",44541,"Middle East","12-Nov-17",2017,"Nov",1,NA,1,NA,NA,1,NA,"Shot"
"156",43975,"US-Mexico Border","11-Nov-17",2017,"Nov",1,NA,1,NA,NA,1,NA,"Drowning"
"157",43987,"Middle East","10-Nov-17",2017,"Nov",2,NA,2,NA,1,1,NA,"Shot"
"158",43968,"US-Mexico Border","9-Nov-17",2017,"Nov",1,NA,1,NA,NA,1,NA,"Drowning"
"159",44253,"US-Mexico Border","6-Nov-17",2017,"Nov",1,NA,1,NA,NA,1,NA,"Drowning"
"160",44254,"North Africa","6-Nov-17",2017,"Nov",4,NA,4,NA,NA,4,NA,"Starvation"
"161",44255,"North Africa","6-Nov-17",2017,"Nov",3,NA,3,NA,NA,NA,NA,"Starvation"
"162",43967,"US-Mexico Border","5-Nov-17",2017,"Nov",1,NA,1,NA,NA,1,NA,"Drowning"
"163",44249,"North Africa","2-Nov-17",2017,"Nov",3,NA,3,NA,NA,3,NA,"Starvation"
"164",44244,"North Africa","30-Oct-17",2017,"Oct",2,NA,2,NA,NA,2,NA,"Dehydration"
"165",44238,"US-Mexico Border","27-Oct-17",2017,"Oct",1,NA,1,NA,NA,1,NA,"Drowning"
"166",44231,"North Africa","24-Oct-17",2017,"Oct",1,NA,1,NA,NA,1,NA,"Dehydration"
"167",44228,"North Africa","23-Oct-17",2017,"Oct",2,NA,2,NA,NA,2,NA,"Starvation"
"168",44218,"North Africa","22-Oct-17",2017,"Oct",2,NA,2,NA,1,1,NA,"Starvation"
"169",43896,"US-Mexico Border","20-Oct-17",2017,"Oct",1,NA,1,NA,NA,1,NA,"Drowning"
"170",43959,"US-Mexico Border","19-Oct-17",2017,"Oct",1,NA,1,NA,NA,1,NA,"Hyperthermia"
"171",43869,"Middle East","15-Oct-17",2017,"Oct",2,NA,2,NA,NA,2,NA,"Shot"
"172",44526,"Middle East","12-Oct-17",2017,"Oct",1,NA,1,NA,NA,1,NA,"Shot"
"173",43862,"US-Mexico Border","11-Oct-17",2017,"Oct",1,NA,1,NA,NA,1,NA,"Drowning"
"174",43856,"Central America","8-Oct-17",2017,"Oct",1,NA,1,NA,NA,1,NA,"Train Accident"
"175",43860,"US-Mexico Border","8-Oct-17",2017,"Oct",1,NA,1,NA,NA,1,NA,"Drowning"
"176",43849,"Central America","4-Oct-17",2017,"Oct",1,NA,1,NA,NA,1,NA,"Train Accident"
"177",44509,"Middle East","1-Oct-17",2017,"Oct",1,NA,1,NA,NA,1,NA,"Shot"
"178",44685,"Middle East","30-Sep-17",2017,"Sep",6,NA,6,NA,NA,4,2,"Shot"
"179",43832,"Central America","29-Sep-17",2017,"Sep",1,NA,1,11,NA,1,NA,"Shot"
"180",44174,"North Africa","27-Sep-17",2017,"Sep",2,NA,2,NA,1,1,NA,"Starvation"
"181",43828,"Middle East","25-Sep-17",2017,"Sep",3,NA,3,7,NA,NA,NA,"Shot"
"182",43827,"US-Mexico Border","24-Sep-17",2017,"Sep",1,NA,1,NA,NA,1,NA,"Drowning"
"183",43767,"Europe","22-Sep-17",2017,"Sep",24,14,38,40,NA,NA,NA,"Drowning"
"184",43768,"US-Mexico Border","22-Sep-17",2017,"Sep",1,NA,1,NA,NA,1,NA,"Dehydration"
"185",43769,"US-Mexico Border","22-Sep-17",2017,"Sep",1,NA,1,NA,NA,1,NA,"Drowning"
"186",44505,"Middle East","22-Sep-17",2017,"Sep",1,NA,1,NA,NA,1,NA,"Shot"
"187",43766,"US-Mexico Border","21-Sep-17",2017,"Sep",1,NA,1,NA,NA,NA,NA,"Drowning"
"188",43996,"US-Mexico Border","21-Sep-17",2017,"Sep",1,NA,1,NA,NA,1,NA,"Drowning"
"189",43825,"Middle East","20-Sep-17",2017,"Sep",1,NA,1,NA,NA,1,1,"Shot"
"190",43846,"Middle East","19-Sep-17",2017,"Sep",23,NA,23,NA,NA,NA,NA,"Shot"
"191",44158,"US-Mexico Border","18-Sep-17",2017,"Sep",1,NA,1,NA,NA,1,NA,"Drowning"
"192",43824,"Middle East","15-Sep-17",2017,"Sep",1,NA,1,NA,NA,NA,1,"Shot"
"193",43689,"US-Mexico Border","13-Sep-17",2017,"Sep",1,NA,1,NA,NA,1,NA,"Drowning"
"194",43684,"Middle East","12-Sep-17",2017,"Sep",2,NA,2,10,NA,NA,NA,"Shot"
"195",44149,"North Africa","11-Sep-17",2017,"Sep",3,NA,3,NA,NA,3,NA,"Dehydration"
"196",43668,"US-Mexico Border","9-Sep-17",2017,"Sep",1,NA,1,NA,NA,1,NA,"Dehydration"
"197",44142,"US-Mexico Border","9-Sep-17",2017,"Sep",1,NA,1,NA,NA,1,NA,"Drowning"
"198",44143,"North Africa","9-Sep-17",2017,"Sep",3,NA,3,NA,NA,3,NA,"Dehydration"
"199",43678,"Middle East","3-Sep-17",2017,"Sep",1,NA,1,NA,1,NA,1,"Shot"
"200",43677,"Middle East","2-Sep-17",2017,"Sep",1,NA,1,NA,NA,1,1,"Shot"
"201",42400,"Central America","1-Sep-17",2017,"Sep",2,NA,2,29,NA,2,1,"Drowning"
"202",43676,"Middle East","31-Aug-17",2017,"Aug",1,NA,1,NA,NA,NA,NA,"Shot"
"203",44593,"North Africa","31-Aug-17",2017,"Aug",2,NA,2,NA,NA,NA,NA,"Starvation"
"204",43758,"North Africa","30-Aug-17",2017,"Aug",2,NA,2,NA,NA,2,NA,"Suffocation"
"205",42395,"US-Mexico Border","29-Aug-17",2017,"Aug",1,NA,1,NA,NA,1,NA,"Drowning"
"206",44479,"Middle East","27-Aug-17",2017,"Aug",1,NA,1,NA,NA,1,1,"Shot"
"207",42389,"Europe","26-Aug-17",2017,"Aug",1,NA,1,NA,NA,1,NA,"Electrocution"
"208",43966,"US-Mexico Border","25-Aug-17",2017,"Aug",1,NA,1,NA,NA,1,NA,"Murdered"
"209",42396,"Middle East","23-Aug-17",2017,"Aug",1,NA,1,2,NA,1,NA,"Shot"
"210",42394,"Middle East","22-Aug-17",2017,"Aug",1,NA,1,NA,NA,1,1,"Shot"
"211",35493,"Middle East","17-Aug-17",2017,"Aug",1,NA,1,NA,NA,1,NA,"Shot"
"212",38437,"Central America","17-Aug-17",2017,"Aug",1,NA,1,NA,NA,1,NA,"Drowning"
"213",44472,"Middle East","14-Aug-17",2017,"Aug",1,NA,1,NA,NA,1,NA,"Shot"
"214",35492,"US-Mexico Border","13-Aug-17",2017,"Aug",1,NA,1,NA,NA,1,NA,"Drowning"
"215",35486,"US-Mexico Border","12-Aug-17",2017,"Aug",1,NA,1,NA,NA,1,NA,"Drowning"
"216",44469,"Middle East","12-Aug-17",2017,"Aug",1,NA,1,NA,NA,1,NA,"Shot"
"217",35491,"Middle East","11-Aug-17",2017,"Aug",1,NA,1,NA,1,NA,NA,"Shot"
"218",35489,"Middle East","9-Aug-17",2017,"Aug",1,NA,1,NA,NA,1,NA,"Shot"
"219",35479,"Middle East","7-Aug-17",2017,"Aug",2,NA,2,NA,NA,2,NA,"Shot"
"220",42380,"US-Mexico Border","7-Aug-17",2017,"Aug",1,NA,1,NA,NA,1,NA,"Dehydration"
"221",44467,"Middle East","6-Aug-17",2017,"Aug",1,NA,1,NA,NA,1,NA,"Shot"
"222",35472,"US-Mexico Border","3-Aug-17",2017,"Aug",1,NA,1,NA,NA,1,NA,"Drowning"
"223",35469,"US-Mexico Border","2-Aug-17",2017,"Aug",1,2,3,NA,NA,1,1,"Drowning"
"224",35478,"Middle East","2-Aug-17",2017,"Aug",1,NA,1,NA,NA,1,1,"Shot"
"225",35470,"US-Mexico Border","1-Aug-17",2017,"Aug",1,NA,1,NA,NA,1,NA,"Dehydration"
"226",35477,"Middle East","28-Jul-17",2017,"Jul",4,NA,4,NA,NA,NA,NA,"Shot"
"227",35442,"US-Mexico Border","27-Jul-17",2017,"Jul",1,NA,1,NA,NA,1,NA,"Drowning"
"228",35444,"Middle East","27-Jul-17",2017,"Jul",2,NA,2,NA,NA,2,NA,"Shot"
"229",35440,"US-Mexico Border","25-Jul-17",2017,"Jul",1,NA,1,NA,NA,1,NA,"Drowning"
"230",35433,"US-Mexico Border","24-Jul-17",2017,"Jul",4,NA,4,NA,3,1,2,"Drowning"
"231",35434,"US-Mexico Border","24-Jul-17",2017,"Jul",1,NA,1,NA,NA,1,NA,"Drowning"
"232",35464,"Central America","24-Jul-17",2017,"Jul",1,NA,1,NA,NA,1,1,"Stabbed"
"233",43730,"North Africa","22-Jul-17",2017,"Jul",5,NA,5,NA,NA,5,NA,"Starvation"
"234",35428,"US-Mexico Border","21-Jul-17",2017,"Jul",1,NA,1,NA,NA,1,NA,"Drowning"
"235",30170,"US-Mexico Border","18-Jul-17",2017,"Jul",1,NA,1,NA,NA,1,NA,"Drowning"
"236",30172,"US-Mexico Border","18-Jul-17",2017,"Jul",1,NA,1,NA,NA,1,NA,"Drowning"
"237",30168,"US-Mexico Border","17-Jul-17",2017,"Jul",1,NA,1,NA,NA,1,NA,"Drowning"
"238",44463,"Middle East","16-Jul-17",2017,"Jul",1,NA,1,NA,NA,1,NA,"Shot"
"239",35441,"Middle East","15-Jul-17",2017,"Jul",6,NA,6,NA,NA,NA,NA,"Shot"
"240",30158,"Middle East","12-Jul-17",2017,"Jul",3,NA,3,NA,NA,NA,1,"Shot"
"241",31131,"US-Mexico Border","10-Jul-17",2017,"Jul",1,NA,1,NA,NA,1,NA,"Dehydration"
"242",31129,"Middle East","8-Jul-17",2017,"Jul",2,NA,2,NA,NA,NA,NA,"Shot"
"243",31125,"US-Mexico Border","6-Jul-17",2017,"Jul",1,NA,1,NA,NA,1,NA,"Drowning"
"244",31124,"Central America","5-Jul-17",2017,"Jul",1,NA,1,NA,NA,1,NA,"Drowning"
"245",35452,"US-Mexico Border","5-Jul-17",2017,"Jul",1,NA,1,NA,NA,1,NA,"Hyperthermia"
"246",43711,"North Africa","1-Jul-17",2017,"Jul",3,NA,3,NA,NA,NA,NA,"Dehydration"
"247",43780,"North Africa","1-Jul-17",2017,"Jul",2,NA,2,NA,1,1,NA,"Dehydration"
"248",44583,"North Africa","30-Jun-17",2017,"Jun",2,NA,2,NA,NA,NA,NA,"Shot"
"249",44586,"North Africa","30-Jun-17",2017,"Jun",1,NA,1,NA,NA,NA,NA,"Shot"
"250",44585,"North Africa","30-Jun-17",2017,"Jun",2,NA,2,NA,NA,NA,NA,"Shot"
"251",44588,"North Africa","30-Jun-17",2017,"Jun",1,NA,1,NA,NA,NA,NA,"Starvation"
"252",44584,"North Africa","30-Jun-17",2017,"Jun",1,NA,1,NA,NA,NA,NA,"Shot"
"253",44589,"North Africa","30-Jun-17",2017,"Jun",3,NA,3,NA,NA,NA,NA,"Shot"
"254",31113,"US-Mexico Border","29-Jun-17",2017,"Jun",1,NA,1,NA,NA,1,NA,"Drowning"
"255",30624,"US-Mexico Border","28-Jun-17",2017,"Jun",1,NA,1,NA,NA,1,NA,"Hyperthermia"
"256",31107,"US-Mexico Border","28-Jun-17",2017,"Jun",1,NA,1,NA,NA,1,NA,"Drowning"
"257",31108,"US-Mexico Border","28-Jun-17",2017,"Jun",1,NA,1,NA,NA,1,NA,"Drowning"
"258",31094,"US-Mexico Border","26-Jun-17",2017,"Jun",2,NA,2,NA,1,1,1,"Drowning"
"259",31095,"US-Mexico Border","26-Jun-17",2017,"Jun",1,NA,1,NA,NA,1,NA,"Hyperthermia"
"260",31096,"US-Mexico Border","26-Jun-17",2017,"Jun",1,NA,1,NA,NA,1,NA,"Hyperthermia"
"261",31097,"Middle East","26-Jun-17",2017,"Jun",10,NA,10,NA,NA,NA,NA,"Shot"
"262",31098,"Middle East","26-Jun-17",2017,"Jun",2,NA,2,NA,NA,2,NA,"Shot"
"263",44461,"Middle East","22-Jun-17",2017,"Jun",1,NA,1,NA,NA,1,NA,"Shot"
"264",31082,"Central America","21-Jun-17",2017,"Jun",1,NA,1,NA,NA,1,NA,"Train Accident"
"265",31078,"US-Mexico Border","20-Jun-17",2017,"Jun",1,NA,1,NA,NA,1,NA,"Dehydration"
"266",44135,"US-Mexico Border","18-Jun-17",2017,"Jun",1,NA,1,NA,1,NA,1,"Drowning"
"267",43698,"North Africa","17-Jun-17",2017,"Jun",2,NA,2,NA,NA,NA,NA,"Dehydration"
"268",31046,"US-Mexico Border","14-Jun-17",2017,"Jun",1,NA,1,NA,NA,1,NA,"Drowning"
"269",31047,"Middle East","14-Jun-17",2017,"Jun",5,NA,5,NA,NA,NA,1,"Shot"
"270",31040,"US-Mexico Border","12-Jun-17",2017,"Jun",1,NA,1,NA,NA,1,NA,"Hyperthermia"
"271",44134,"US-Mexico Border","12-Jun-17",2017,"Jun",1,NA,1,NA,NA,1,NA,"Drowning"
"272",31039,"US-Mexico Border","10-Jun-17",2017,"Jun",1,NA,1,NA,NA,1,NA,"Drowning"
"273",31028,"US-Mexico Border","8-Jun-17",2017,"Jun",1,NA,1,NA,NA,1,NA,"Hyperthermia"
"274",31029,"Europe","8-Jun-17",2017,"Jun",1,NA,1,NA,NA,1,NA,"Train Accident"
"275",31025,"North Africa","5-Jun-17",2017,"Jun",7,NA,7,28,NA,NA,NA,"Suffocation"
"276",31018,"Europe","1-Jun-17",2017,"Jun",1,NA,1,NA,NA,NA,NA,"Train Accident"
"277",44581,"North Africa","31-May-17",2017,"May",2,NA,2,NA,NA,NA,NA,"Starvation"
"278",44578,"North Africa","31-May-17",2017,"May",10,NA,10,NA,NA,NA,NA,"Shot"
"279",44579,"North Africa","31-May-17",2017,"May",12,NA,12,NA,NA,NA,NA,"Dehydration"
"280",44582,"North Africa","31-May-17",2017,"May",5,NA,5,NA,NA,NA,NA,"Starvation"
"281",31010,"US-Mexico Border","30-May-17",2017,"May",1,NA,1,NA,NA,1,NA,"Drowning"
"282",31011,"US-Mexico Border","30-May-17",2017,"May",1,NA,1,NA,NA,1,NA,"Drowning"
"283",31006,"Central America","29-May-17",2017,"May",1,NA,1,NA,NA,1,NA,"Train Accident"
"284",31009,"US-Mexico Border","29-May-17",2017,"May",1,NA,1,NA,NA,1,NA,"Dehydration"
"285",30995,"US-Mexico Border","26-May-17",2017,"May",1,NA,1,NA,NA,1,NA,"Train Accident"
"286",30989,"US-Mexico Border","25-May-17",2017,"May",1,NA,1,10,NA,NA,NA,"Dehydration"
"287",30990,"US-Mexico Border","25-May-17",2017,"May",1,NA,1,NA,NA,1,NA,"Hyperthermia"
"288",30986,"Middle East","23-May-17",2017,"May",1,NA,1,NA,NA,1,NA,"Shot"
"289",44133,"US-Mexico Border","22-May-17",2017,"May",1,NA,1,NA,NA,1,NA,"Drowning"
"290",44385,"US-Mexico Border","22-May-17",2017,"May",1,NA,1,NA,NA,1,NA,"Hyperthermia"
"291",30984,"US-Mexico Border","21-May-17",2017,"May",1,NA,1,NA,NA,NA,NA,"Drowning"
"292",30976,"Middle East","18-May-17",2017,"May",1,NA,1,NA,NA,1,NA,"Shot"
"293",30971,"South Asia","15-May-17",2017,"May",1,NA,1,NA,1,NA,NA,"Shot"
"294",30967,"US-Mexico Border","14-May-17",2017,"May",1,NA,1,NA,NA,1,NA,"Drowning"
"295",44450,"Middle East","9-May-17",2017,"May",1,NA,1,NA,NA,1,1,"Shot"
"296",30959,"US-Mexico Border","7-May-17",2017,"May",1,NA,1,NA,NA,1,NA,"Drowning"
"297",30953,"US-Mexico Border","6-May-17",2017,"May",1,NA,1,NA,NA,1,NA,"Drowning"
"298",30955,"Central America","6-May-17",2017,"May",1,NA,1,3,NA,1,NA,"Drowning"
"299",30951,"US-Mexico Border","5-May-17",2017,"May",1,NA,1,NA,NA,1,NA,"Drowning"
"300",44006,"Central America","3-May-17",2017,"May",1,NA,1,NA,NA,1,NA,"Train Accident"
"301",30943,"Europe","2-May-17",2017,"May",1,NA,1,NA,NA,1,NA,"Electrocution"
"302",30944,"US-Mexico Border","2-May-17",2017,"May",1,NA,1,NA,NA,1,NA,"Drowning"
"303",30945,"US-Mexico Border","2-May-17",2017,"May",1,NA,1,NA,NA,1,NA,"Drowning"
"304",44573,"North Africa","30-Apr-17",2017,"Apr",2,NA,2,NA,NA,NA,NA,"Starvation"
"305",44574,"North Africa","30-Apr-17",2017,"Apr",1,NA,1,NA,NA,NA,NA,"Dehydration"
"306",44575,"North Africa","30-Apr-17",2017,"Apr",6,NA,6,NA,NA,NA,NA,"Shot"
"307",30940,"Central America","28-Apr-17",2017,"Apr",1,NA,1,NA,1,NA,NA,"Train Accident"
"308",30925,"US-Mexico Border","20-Apr-17",2017,"Apr",1,NA,1,NA,NA,1,NA,"Drowning"
"309",30926,"US-Mexico Border","20-Apr-17",2017,"Apr",1,NA,1,NA,NA,1,NA,"Drowning"
"310",44132,"US-Mexico Border","20-Apr-17",2017,"Apr",1,NA,1,NA,NA,1,NA,"Drowning"
"311",30924,"US-Mexico Border","19-Apr-17",2017,"Apr",1,NA,1,NA,NA,1,NA,"Drowning"
"312",30908,"US-Mexico Border","11-Apr-17",2017,"Apr",1,NA,1,NA,NA,1,NA,"Drowning"
"313",30903,"Central America","5-Apr-17",2017,"Apr",1,NA,1,NA,NA,1,NA,"Train Accident"
"314",35425,"Central America","4-Apr-17",2017,"Apr",1,NA,1,NA,NA,1,NA,"Drowning"
"315",30900,"US-Mexico Border","2-Apr-17",2017,"Apr",1,NA,1,NA,NA,1,NA,"Drowning"
"316",44570,"North Africa","31-Mar-17",2017,"Mar",3,NA,3,NA,NA,NA,NA,"Dehydration"
"317",44571,"North Africa","31-Mar-17",2017,"Mar",5,NA,5,NA,NA,NA,NA,"Shot"
"318",30894,"Middle East","27-Mar-17",2017,"Mar",1,NA,1,NA,1,NA,NA,"Drowning"
"319",30893,"Middle East","26-Mar-17",2017,"Mar",3,NA,3,2,3,NA,NA,"Drowning"
"320",30889,"US-Mexico Border","25-Mar-17",2017,"Mar",1,NA,1,NA,NA,1,NA,"Drowning"
"321",30890,"Middle East","25-Mar-17",2017,"Mar",1,NA,1,NA,1,NA,1,"Drowning"
"322",30882,"Central America","23-Mar-17",2017,"Mar",1,NA,1,1,NA,1,NA,"Shot"
"323",30873,"Central America","20-Mar-17",2017,"Mar",1,NA,1,NA,NA,1,NA,"Shot"
"324",30874,"Central America","20-Mar-17",2017,"Mar",2,NA,2,NA,NA,2,NA,"Murdered"
"325",30864,"Central America","15-Mar-17",2017,"Mar",1,NA,1,NA,NA,1,NA,"Train Accident"
"326",30863,"US-Mexico Border","13-Mar-17",2017,"Mar",2,NA,2,NA,NA,2,NA,"Drowning"
"327",30855,"US-Mexico Border","6-Mar-17",2017,"Mar",1,NA,1,NA,NA,1,NA,"Drowning"
"328",30854,"North Africa","5-Mar-17",2017,"Mar",22,NA,22,NA,NA,NA,NA,"Shot"
"329",30845,"US-Mexico Border","28-Feb-17",2017,"Feb",1,NA,1,NA,NA,1,NA,"Drowning"
"330",44568,"North Africa","28-Feb-17",2017,"Feb",5,NA,5,NA,NA,NA,NA,"Dehydration"
"331",30843,"Europe","27-Feb-17",2017,"Feb",1,NA,1,NA,NA,1,NA,"Electrocution"
"332",30844,"Middle East","27-Feb-17",2017,"Feb",1,NA,1,NA,NA,1,NA,"Shot"
"333",30842,"North Africa","26-Feb-17",2017,"Feb",12,NA,12,NA,NA,NA,NA,"Starvation"
"334",30834,"US-Mexico Border","23-Feb-17",2017,"Feb",1,NA,1,NA,NA,1,NA,"Drowning"
"335",30828,"Central America","22-Feb-17",2017,"Feb",1,NA,1,NA,NA,1,NA,"Train Accident"
"336",30830,"Europe","22-Feb-17",2017,"Feb",3,NA,3,5,NA,NA,NA,"Drowning"
"337",30831,"North Africa","22-Feb-17",2017,"Feb",13,NA,13,NA,NA,NA,2,"Suffocation"
"338",30807,"Central America","15-Feb-17",2017,"Feb",1,NA,1,NA,NA,1,NA,"Drowning"
"339",30793,"North Africa","10-Feb-17",2017,"Feb",3,NA,3,NA,NA,NA,NA,"Starvation"
"340",30788,"US-Mexico Border","9-Feb-17",2017,"Feb",1,NA,1,NA,NA,1,NA,"Drowning"
"341",30781,"Central America","6-Feb-17",2017,"Feb",1,NA,1,NA,NA,1,NA,"Train Accident"
"342",30777,"US-Mexico Border","5-Feb-17",2017,"Feb",1,NA,1,NA,NA,1,NA,"Drowning"
"343",30778,"US-Mexico Border","5-Feb-17",2017,"Feb",1,NA,1,NA,NA,1,NA,"Drowning"
"344",30780,"Europe","5-Feb-17",2017,"Feb",1,NA,1,NA,NA,1,NA,"Train Accident"
"345",44007,"Central America","5-Feb-17",2017,"Feb",1,NA,1,NA,NA,1,NA,"Train Accident"
"346",30774,"Europe","3-Feb-17",2017,"Feb",1,NA,1,NA,NA,1,NA,"Drowning"
"347",30768,"US-Mexico Border","1-Feb-17",2017,"Feb",1,NA,1,NA,NA,1,NA,"Drowning"
"348",30769,"US-Mexico Border","1-Feb-17",2017,"Feb",1,NA,1,NA,NA,1,NA,"Drowning"
"349",30771,"Central America","1-Feb-17",2017,"Feb",1,NA,1,NA,NA,1,NA,"Train Accident"
"350",30767,"US-Mexico Border","31-Jan-17",2017,"Jan",1,NA,1,NA,NA,1,NA,"Drowning"
"351",38438,"US-Mexico Border","31-Jan-17",2017,"Jan",1,NA,1,NA,NA,1,NA,"Drowning"
"352",44565,"North Africa","31-Jan-17",2017,"Jan",5,NA,5,NA,NA,NA,NA,"Shot"
"353",44564,"North Africa","31-Jan-17",2017,"Jan",1,NA,1,NA,NA,NA,NA,"Shot"
"354",44563,"North Africa","31-Jan-17",2017,"Jan",2,NA,2,NA,NA,NA,NA,"Shot"
"355",30765,"US-Mexico Border","30-Jan-17",2017,"Jan",1,NA,1,NA,NA,1,NA,"Drowning"
"356",30766,"US-Mexico Border","30-Jan-17",2017,"Jan",1,NA,1,NA,NA,1,NA,"Drowning"
"357",30754,"US-Mexico Border","26-Jan-17",2017,"Jan",1,NA,1,NA,NA,NA,NA,"Drowning"
"358",44129,"US-Mexico Border","26-Jan-17",2017,"Jan",1,NA,1,NA,NA,1,NA,"Drowning"
"359",44128,"US-Mexico Border","25-Jan-17",2017,"Jan",1,NA,1,NA,NA,1,NA,"Drowning"
"360",30753,"US-Mexico Border","24-Jan-17",2017,"Jan",1,NA,1,NA,NA,1,NA,"Drowning"
"361",44127,"US-Mexico Border","24-Jan-17",2017,"Jan",1,NA,1,NA,NA,1,NA,"Drowning"
"362",30743,"North Africa","23-Jan-17",2017,"Jan",1,NA,1,NA,NA,NA,NA,"Harsh conditions"
"363",30744,"US-Mexico Border","23-Jan-17",2017,"Jan",1,NA,1,NA,NA,1,NA,"Drowning"
"364",30741,"North Africa","22-Jan-17",2017,"Jan",2,NA,2,NA,NA,NA,NA,"Harsh conditions"
"365",30742,"North Africa","22-Jan-17",2017,"Jan",1,NA,1,NA,NA,NA,NA,"Harsh conditions"
"366",30718,"US-Mexico Border","18-Jan-17",2017,"Jan",1,NA,1,NA,NA,1,NA,"Drowning"
"367",30715,"Central America","17-Jan-17",2017,"Jan",1,NA,1,NA,1,NA,NA,"Rape, Murdered"
"368",30716,"US-Mexico Border","17-Jan-17",2017,"Jan",1,NA,1,2,NA,NA,NA,"Drowning"
"369",44437,"Middle East","17-Jan-17",2017,"Jan",1,NA,1,NA,NA,1,NA,"Shot"
"370",30709,"US-Mexico Border","16-Jan-17",2017,"Jan",1,NA,1,NA,NA,1,NA,"Drowning"
"371",44435,"Middle East","15-Jan-17",2017,"Jan",1,NA,1,NA,NA,1,NA,"Shot"
"372",30687,"US-Mexico Border","13-Jan-17",2017,"Jan",1,NA,1,2,NA,1,NA,"Shot"
"373",30688,"US-Mexico Border","13-Jan-17",2017,"Jan",1,NA,1,NA,NA,1,NA,"Drowning"
"374",30689,"US-Mexico Border","13-Jan-17",2017,"Jan",1,NA,1,NA,NA,1,NA,"Drowning"
"375",44544,"North Africa","31-Dec-16",2016,"Dec",4,NA,4,NA,NA,NA,NA,"Shot"
"376",44538,"North Africa","31-Dec-16",2016,"Dec",2,NA,2,NA,NA,NA,NA,"Shot"
"377",44542,"North Africa","31-Dec-16",2016,"Dec",1,NA,1,NA,NA,NA,NA,"Dehydration"
"378",42797,"US-Mexico Border","28-Dec-16",2016,"Dec",1,NA,1,NA,NA,1,NA,"Drowning"
"379",43635,"North Africa","20-Dec-16",2016,"Dec",1,NA,1,NA,NA,NA,NA,"Drowning"
"380",43616,"North Africa","18-Dec-16",2016,"Dec",20,NA,20,NA,NA,NA,NA,"Starvation"
"381",42768,"Central America","10-Dec-16",2016,"Dec",1,NA,1,NA,NA,NA,NA,"Drowning"
"382",42784,"Central America","8-Dec-16",2016,"Dec",1,NA,1,3,NA,NA,1,"Asphyxiation"
"383",42786,"Central America","30-Nov-16",2016,"Nov",1,NA,1,NA,NA,1,NA,"Cardiac arrest"
"384",43530,"Central America","30-Nov-16",2016,"Nov",1,NA,1,NA,NA,1,NA,"Cardiac arrest"
"385",43034,"Europe","23-Nov-16",2016,"Nov",1,NA,1,NA,NA,1,NA,"Suicide"
"386",42750,"Europe","21-Nov-16",2016,"Nov",1,NA,1,NA,NA,1,NA,"Stabbed"
"387",43579,"North Africa","21-Nov-16",2016,"Nov",1,NA,1,NA,NA,NA,NA,"Dehydration"
"388",44534,"Europe","21-Nov-16",2016,"Nov",1,NA,1,NA,NA,1,NA,"Drowning"
"389",42761,"US-Mexico Border","4-Nov-16",2016,"Nov",1,NA,1,NA,NA,1,NA,"Drowning"
"390",43528,"North Africa","31-Oct-16",2016,"Oct",7,NA,7,NA,NA,NA,NA,"Murdered"
"391",42726,"US-Mexico Border","24-Oct-16",2016,"Oct",2,NA,2,NA,NA,1,NA,"Drowning"
"392",42741,"US-Mexico Border","23-Oct-16",2016,"Oct",1,NA,1,NA,NA,1,NA,"Drowning"
"393",42814,"Europe","23-Oct-16",2016,"Oct",1,NA,1,NA,NA,1,NA,"Hit by car"
"394",42740,"US-Mexico Border","22-Oct-16",2016,"Oct",1,NA,1,NA,NA,1,NA,"Drowning"
"395",42714,"US-Mexico Border","19-Oct-16",2016,"Oct",1,NA,1,NA,NA,1,NA,"Drowning"
"396",42736,"Europe","18-Oct-16",2016,"Oct",1,NA,1,NA,NA,1,NA,"Stabbed"
"397",42721,"US-Mexico Border","12-Oct-16",2016,"Oct",1,NA,1,NA,NA,1,NA,"Drowning"
"398",42729,"US-Mexico Border","11-Oct-16",2016,"Oct",1,NA,1,NA,NA,1,NA,"Drowning"
"399",42717,"Central America","9-Oct-16",2016,"Oct",1,NA,1,NA,NA,1,NA,"Drowning"
"400",44529,"US-Mexico Border","2-Oct-16",2016,"Oct",1,NA,1,NA,NA,1,NA,"Dehydration"
"401",42766,"South America","30-Sep-16",2016,"Sep",1,NA,1,NA,NA,1,NA,"Cardiac arrest"
"402",42708,"US-Mexico Border","28-Sep-16",2016,"Sep",1,NA,1,NA,NA,1,NA,"Drowning"
"403",42692,"Europe","19-Sep-16",2016,"Sep",1,NA,1,NA,NA,1,NA,"Stabbed"
"404",42719,"US-Mexico Border","19-Sep-16",2016,"Sep",1,NA,1,NA,NA,1,NA,"Drowning"
"405",42704,"US-Mexico Border","11-Sep-16",2016,"Sep",1,NA,1,NA,NA,1,NA,"Drowning"
"406",42873,"Europe","11-Sep-16",2016,"Sep",6,NA,6,4,NA,3,4,"Drowning"
"407",42701,"US-Mexico Border","10-Sep-16",2016,"Sep",1,NA,1,NA,NA,1,NA,"Drowning"
"408",42683,"Central America","8-Sep-16",2016,"Sep",1,NA,1,NA,NA,1,NA,"Cardiac arrest"
"409",42707,"US-Mexico Border","8-Sep-16",2016,"Sep",1,NA,1,NA,NA,1,NA,"Drowning"
"410",42678,"US-Mexico Border","3-Sep-16",2016,"Sep",1,NA,1,NA,NA,1,NA,"Drowning"
"411",44522,"North Africa","31-Aug-16",2016,"Aug",7,NA,7,NA,NA,NA,NA,"Shot"
"412",42681,"US-Mexico Border","29-Aug-16",2016,"Aug",1,NA,1,NA,NA,1,NA,"Drowning"
"413",43415,"US-Mexico Border","27-Aug-16",2016,"Aug",1,NA,1,NA,NA,1,NA,"Hyperthermia"
"414",42675,"US-Mexico Border","26-Aug-16",2016,"Aug",1,NA,1,NA,NA,1,NA,"Drowning"
"415",42690,"US-Mexico Border","26-Aug-16",2016,"Aug",1,NA,1,NA,NA,1,NA,"Drowning"
"416",42872,"Europe","24-Aug-16",2016,"Aug",1,NA,1,5,NA,1,NA,"Shot"
"417",42661,"US-Mexico Border","22-Aug-16",2016,"Aug",1,NA,1,NA,NA,1,NA,"Drowning"
"418",42850,"Europe","22-Aug-16",2016,"Aug",1,NA,1,NA,NA,1,NA,"Stabbed"
"419",42689,"South America","19-Aug-16",2016,"Aug",1,NA,1,NA,1,NA,NA,"Cardiac arrest"
"420",42649,"US-Mexico Border","16-Aug-16",2016,"Aug",1,NA,1,NA,NA,1,NA,"Dehydration"
"421",42669,"Central America","12-Aug-16",2016,"Aug",1,NA,1,NA,1,NA,NA,"Dehydration"
"422",43391,"North Africa","11-Aug-16",2016,"Aug",1,NA,1,NA,NA,NA,NA,"Dehydration"
"423",42659,"US-Mexico Border","10-Aug-16",2016,"Aug",1,NA,1,NA,NA,1,NA,"Dehydration"
"424",42643,"US-Mexico Border","8-Aug-16",2016,"Aug",1,NA,1,NA,NA,NA,NA,"Drowning"
"425",42657,"US-Mexico Border","7-Aug-16",2016,"Aug",1,NA,1,NA,NA,1,NA,"Drowning"
"426",43387,"US-Mexico Border","7-Aug-16",2016,"Aug",1,NA,1,NA,NA,1,NA,"Hyperthermia"
"427",42646,"US-Mexico Border","4-Aug-16",2016,"Aug",1,NA,1,NA,NA,1,NA,"Dehydration"
"428",42639,"Central America","3-Aug-16",2016,"Aug",2,NA,2,NA,NA,2,NA,"Drowning"
"429",42668,"Central America","3-Aug-16",2016,"Aug",2,NA,2,NA,NA,2,NA,"Murdered"
"430",42621,"Central America","1-Aug-16",2016,"Aug",8,NA,8,NA,1,7,NA,"Drowning"
"431",43418,"North Africa","1-Aug-16",2016,"Aug",3,NA,3,NA,NA,NA,NA,"Murdered"
"432",43419,"North Africa","1-Aug-16",2016,"Aug",1,NA,1,NA,NA,NA,NA,"Harsh conditions"
"433",43422,"North Africa","1-Aug-16",2016,"Aug",1,NA,1,NA,NA,NA,NA,"Murdered"
"434",42628,"US-Mexico Border","29-Jul-16",2016,"Jul",1,NA,1,NA,NA,1,NA,"Drowning"
"435",42640,"US-Mexico Border","28-Jul-16",2016,"Jul",1,NA,1,NA,NA,1,NA,"Drowning"
"436",42877,"Europe","26-Jul-16",2016,"Jul",1,NA,1,6,NA,1,NA,"Stabbed"
"437",42616,"US-Mexico Border","24-Jul-16",2016,"Jul",1,NA,1,NA,NA,1,NA,"Drowning"
"438",43360,"US-Mexico Border","23-Jul-16",2016,"Jul",1,NA,1,NA,NA,1,NA,"Hyperthermia"
"439",42627,"US-Mexico Border","21-Jul-16",2016,"Jul",1,NA,1,NA,NA,1,NA,"Drowning"
"440",42671,"US-Mexico Border","21-Jul-16",2016,"Jul",1,NA,1,NA,1,NA,NA,"Hyperthermia"
"441",42401,"Central America","20-Jul-16",2016,"Jul",3,NA,3,5,1,2,3,"Drowning"
"442",42846,"Central America","20-Jul-16",2016,"Jul",NA,NA,0,NA,NA,NA,NA,"Drowning"
"443",42838,"US-Mexico Border","19-Jul-16",2016,"Jul",1,NA,1,NA,NA,1,NA,"Drowning"
"444",42684,"US-Mexico Border","18-Jul-16",2016,"Jul",1,NA,1,NA,NA,1,NA,"Drowning"
"445",42622,"US-Mexico Border","16-Jul-16",2016,"Jul",1,NA,1,NA,NA,1,NA,"Drowning"
"446",42752,"US-Mexico Border","15-Jul-16",2016,"Jul",1,1,2,NA,NA,2,NA,"Drowning"
"447",42632,"US-Mexico Border","14-Jul-16",2016,"Jul",1,NA,1,NA,NA,1,NA,"Drowning"
"448",42686,"Central America","14-Jul-16",2016,"Jul",1,NA,1,NA,NA,1,NA,"Drowning"
"449",42608,"US-Mexico Border","11-Jul-16",2016,"Jul",1,NA,1,NA,NA,1,NA,"Drowning"
"450",42593,"US-Mexico Border","5-Jul-16",2016,"Jul",1,NA,1,NA,NA,1,NA,"Drowning"
"451",43366,"North Africa","1-Jul-16",2016,"Jul",1,NA,1,NA,NA,NA,NA,"Murdered"
"452",43367,"North Africa","1-Jul-16",2016,"Jul",3,NA,3,NA,NA,NA,NA,"Harsh conditions"
"453",43368,"North Africa","1-Jul-16",2016,"Jul",1,NA,1,NA,NA,NA,NA,"Murdered"
"454",43369,"North Africa","1-Jul-16",2016,"Jul",1,NA,1,NA,NA,NA,NA,"Murdered"
"455",43372,"North Africa","1-Jul-16",2016,"Jul",1,NA,1,NA,NA,NA,NA,"Dehydration"
"456",43375,"North Africa","1-Jul-16",2016,"Jul",1,NA,1,NA,NA,NA,NA,"Starvation"
"457",44515,"North Africa","30-Jun-16",2016,"Jun",1,NA,1,NA,NA,NA,NA,"Harsh conditions"
"458",44511,"North Africa","30-Jun-16",2016,"Jun",1,NA,1,NA,NA,NA,NA,"Dehydration"
"459",44508,"North Africa","30-Jun-16",2016,"Jun",1,NA,1,NA,NA,NA,NA,"Shot"
"460",44512,"North Africa","30-Jun-16",2016,"Jun",3,NA,3,NA,NA,NA,NA,"Shot"
"461",42606,"US-Mexico Border","25-Jun-16",2016,"Jun",1,NA,1,NA,NA,1,NA,"Drowning"
"462",43298,"US-Mexico Border","23-Jun-16",2016,"Jun",1,NA,1,NA,1,NA,NA,"Hyperthermia"
"463",42583,"US-Mexico Border","22-Jun-16",2016,"Jun",1,NA,1,NA,NA,NA,NA,"Drowning"
"464",42541,"US-Mexico Border","15-Jun-16",2016,"Jun",2,1,3,NA,NA,3,NA,"Drowning"
"465",42542,"US-Mexico Border","15-Jun-16",2016,"Jun",1,NA,1,NA,NA,NA,NA,"Drowning"
"466",43278,"North Africa","14-Jun-16",2016,"Jun",2,NA,2,NA,NA,NA,NA,"Suffocation"
"467",43265,"US-Mexico Border","10-Jun-16",2016,"Jun",1,NA,1,NA,NA,NA,NA,"Drowning"
"468",42792,"US-Mexico Border","9-Jun-16",2016,"Jun",1,NA,1,2,NA,1,NA,"Shot"
"469",43263,"US-Mexico Border","9-Jun-16",2016,"Jun",1,NA,1,NA,NA,1,NA,"Shot"
"470",42720,"US-Mexico Border","7-Jun-16",2016,"Jun",1,NA,1,NA,NA,1,NA,"Drowning"
"471",43256,"US-Mexico Border","7-Jun-16",2016,"Jun",1,NA,1,NA,NA,1,NA,"Hyperthermia"
"472",43257,"US-Mexico Border","7-Jun-16",2016,"Jun",1,NA,1,NA,NA,NA,NA,"Hyperthermia"
"473",43255,"US-Mexico Border","6-Jun-16",2016,"Jun",1,NA,1,NA,NA,1,NA,"Hyperthermia"
"474",42496,"Central America","4-Jun-16",2016,"Jun",1,NA,1,NA,NA,1,NA,"Hyperthermia"
"475",42444,"Europe","1-Jun-16",2016,"Jun",1,NA,1,6,NA,1,NA,"Drowning"
"476",43308,"North Africa","1-Jun-16",2016,"Jun",1,NA,1,NA,NA,NA,NA,"Suffocation"
"477",43310,"North Africa","1-Jun-16",2016,"Jun",2,NA,2,NA,NA,NA,NA,"Starvation"
"478",43312,"North Africa","1-Jun-16",2016,"Jun",1,NA,1,NA,NA,NA,NA,"Starvation"
"479",44496,"North Africa","31-May-16",2016,"May",2,NA,2,NA,NA,NA,NA,"Shot"
"480",44500,"North Africa","31-May-16",2016,"May",1,NA,1,NA,NA,NA,NA,"Shot"
"481",44497,"North Africa","31-May-16",2016,"May",1,NA,1,NA,NA,NA,NA,"Dehydration"
"482",42492,"US-Mexico Border","30-May-16",2016,"May",1,NA,1,NA,NA,1,NA,"Drowning"
"483",43238,"US-Mexico Border","25-May-16",2016,"May",1,NA,1,NA,NA,NA,1,"Drowning"
"484",42487,"Central America","24-May-16",2016,"May",1,NA,1,1,NA,1,NA,"Murdered"
"485",42517,"Central America","20-May-16",2016,"May",1,NA,1,NA,NA,1,NA,"Murdered"
"486",42756,"Central America","20-May-16",2016,"May",1,NA,1,NA,NA,1,NA,"Drowning"
"487",42835,"US-Mexico Border","15-May-16",2016,"May",1,NA,1,NA,NA,1,NA,"Dehydration"
"488",42725,"US-Mexico Border","13-May-16",2016,"May",1,NA,1,NA,NA,1,NA,"Drowning"
"489",42529,"US-Mexico Border","11-May-16",2016,"May",1,NA,1,NA,NA,1,NA,"Drowning"
"490",42648,"North Africa","11-May-16",2016,"May",10,10,20,29,NA,NA,NA,"Drowning"
"491",42533,"US-Mexico Border","3-May-16",2016,"May",1,NA,1,NA,NA,1,NA,"Drowning"
"492",42537,"US-Mexico Border","3-May-16",2016,"May",1,NA,1,NA,NA,1,NA,"Drowning"
"493",43243,"North Africa","1-May-16",2016,"May",1,NA,1,NA,NA,NA,NA,"Starvation"
"494",43245,"North Africa","1-May-16",2016,"May",3,NA,3,NA,NA,NA,NA,"Dehydration"
"495",44489,"North Africa","30-Apr-16",2016,"Apr",1,NA,1,NA,NA,NA,NA,"Shot"
"496",42453,"US-Mexico Border","29-Apr-16",2016,"Apr",1,NA,1,NA,NA,1,NA,"Drowning"
"497",42507,"US-Mexico Border","24-Apr-16",2016,"Apr",1,NA,1,NA,NA,1,NA,"Drowning"
"498",42465,"US-Mexico Border","21-Apr-16",2016,"Apr",1,NA,1,NA,NA,NA,NA,"Drowning"
"499",42602,"Central America","21-Apr-16",2016,"Apr",1,NA,1,NA,NA,1,NA,"Murdered"
"500",42834,"Central America","21-Apr-16",2016,"Apr",1,NA,1,NA,NA,1,NA,"Hyperthermia"
"501",42478,"Central America","9-Apr-16",2016,"Apr",1,NA,1,NA,NA,1,NA,"Shot"
"502",42527,"US-Mexico Border","8-Apr-16",2016,"Apr",1,NA,1,NA,NA,1,NA,"Drowning"
"503",42840,"US-Mexico Border","6-Apr-16",2016,"Apr",1,NA,1,NA,NA,1,NA,"Drowning"
"504",42428,"US-Mexico Border","5-Apr-16",2016,"Apr",1,NA,1,NA,NA,1,NA,"Drowning"
"505",43189,"Central America","1-Apr-16",2016,"Apr",1,NA,1,NA,NA,1,NA,"Cardiac arrest"
"506",43213,"North Africa","1-Apr-16",2016,"Apr",1,NA,1,NA,NA,NA,NA,"Dehydration"
"507",43214,"North Africa","1-Apr-16",2016,"Apr",1,NA,1,NA,NA,NA,NA,"Dehydration"
"508",43215,"North Africa","1-Apr-16",2016,"Apr",1,NA,1,NA,NA,NA,NA,"Murdered"
"509",44480,"North Africa","31-Mar-16",2016,"Mar",2,NA,2,NA,NA,NA,NA,"Dehydration"
"510",44484,"North Africa","31-Mar-16",2016,"Mar",3,NA,3,NA,NA,NA,NA,"Dehydration"
"511",42421,"US-Mexico Border","26-Mar-16",2016,"Mar",1,NA,1,NA,NA,1,NA,"Drowning"
"512",42433,"US-Mexico Border","20-Mar-16",2016,"Mar",1,NA,1,NA,NA,NA,NA,"Drowning"
"513",43177,"North Africa","20-Mar-16",2016,"Mar",2,NA,2,NA,NA,NA,NA,"Starvation"
"514",43181,"North Africa","20-Mar-16",2016,"Mar",3,NA,3,NA,NA,NA,NA,"Starvation"
"515",43154,"North Africa","17-Mar-16",2016,"Mar",1,NA,1,NA,NA,NA,NA,"Starvation"
"516",43158,"North Africa","17-Mar-16",2016,"Mar",1,NA,1,NA,NA,NA,NA,"Suffocation"
"517",42429,"Central America","14-Mar-16",2016,"Mar",1,NA,1,NA,NA,1,NA,"Train Accident"
"518",42488,"US-Mexico Border","14-Mar-16",2016,"Mar",1,NA,1,NA,NA,1,NA,"Drowning"
"519",42950,"Europe","14-Mar-16",2016,"Mar",3,NA,3,23,1,2,NA,"Drowning"
"520",42534,"Central America","10-Mar-16",2016,"Mar",1,NA,1,NA,NA,1,NA,"Asphyxiation"
"521",42420,"US-Mexico Border","8-Mar-16",2016,"Mar",1,NA,1,NA,NA,1,NA,"Drowning"
"522",44691,"North Africa","29-Feb-16",2016,"Feb",1,NA,1,NA,NA,NA,NA,"Dehydration"
"523",42422,"US-Mexico Border","28-Feb-16",2016,"Feb",1,NA,1,NA,NA,1,NA,"Drowning"
"524",42418,"US-Mexico Border","25-Feb-16",2016,"Feb",1,NA,1,NA,NA,1,NA,"Drowning"
"525",43123,"North Africa","21-Feb-16",2016,"Feb",1,NA,1,NA,NA,NA,NA,"Suffocation"
"526",43136,"North Africa","21-Feb-16",2016,"Feb",1,NA,1,NA,NA,NA,NA,"Starvation"
"527",42526,"US-Mexico Border","19-Feb-16",2016,"Feb",1,NA,1,NA,NA,1,NA,"Drowning"
"528",43115,"North Africa","19-Feb-16",2016,"Feb",1,NA,1,NA,NA,NA,NA,"Suffocation"
"529",42885,"Middle East","17-Feb-16",2016,"Feb",1,NA,1,NA,1,NA,NA,"Shot"
"530",42440,"Europe","10-Feb-16",2016,"Feb",1,NA,1,NA,NA,1,NA,"Drowning"
"531",42641,"US-Mexico Border","9-Feb-16",2016,"Feb",1,NA,1,NA,NA,1,NA,"Drowning"
"532",42423,"North Africa","2-Feb-16",2016,"Feb",7,NA,7,42,NA,7,NA,"Drowning"
"533",43138,"North Africa","1-Feb-16",2016,"Feb",2,NA,2,NA,NA,NA,NA,"Dehydration"
"534",44394,"US-Mexico Border","31-Jan-16",2016,"Jan",1,NA,1,NA,NA,1,NA,"Drowning"
"535",42480,"Central America","30-Jan-16",2016,"Jan",1,NA,1,NA,NA,1,NA,"Murdered"
"536",42411,"Europe","25-Jan-16",2016,"Jan",1,NA,1,2,NA,1,NA,"Murdered"
"537",42410,"US-Mexico Border","21-Jan-16",2016,"Jan",1,NA,1,NA,NA,1,NA,"Drowning"
"538",43051,"North Africa","19-Jan-16",2016,"Jan",14,NA,14,NA,NA,NA,NA,"Dehydration"
"539",42472,"South America","11-Jan-16",2016,"Jan",9,6,15,15,NA,NA,NA,"Drowning"
"540",43065,"North Africa","1-Jan-16",2016,"Jan",6,NA,6,NA,NA,NA,NA,"Starvation"
"541",44613,"North Africa","31-Dec-15",2015,"Dec",4,NA,4,NA,NA,NA,NA,"Shot"
"542",40656,"Central America","30-Dec-15",2015,"Dec",3,NA,3,NA,NA,NA,NA,"Murdered"
"543",40687,"North Africa","27-Dec-15",2015,"Dec",1,NA,1,NA,NA,1,NA,"Shot"
"544",40524,"US-Mexico Border","24-Dec-15",2015,"Dec",1,NA,1,NA,NA,1,NA,"Drowning"
"545",40782,"North Africa","20-Dec-15",2015,"Dec",6,NA,6,NA,NA,NA,NA,"Starvation"
"546",40607,"Europe","19-Dec-15",2015,"Dec",1,NA,1,NA,NA,1,NA,"Fall"
"547",40757,"North Africa","19-Dec-15",2015,"Dec",1,NA,1,NA,NA,NA,NA,"Dehydration"
"548",40758,"North Africa","19-Dec-15",2015,"Dec",1,NA,1,NA,NA,NA,NA,"Dehydration"
"549",40770,"North Africa","19-Dec-15",2015,"Dec",2,NA,2,NA,NA,NA,NA,"Harsh conditions"
"550",40769,"North Africa","17-Dec-15",2015,"Dec",3,NA,3,NA,NA,NA,NA,"Harsh conditions"
"551",40780,"North Africa","17-Dec-15",2015,"Dec",8,NA,8,NA,NA,NA,NA,"Starvation"
"552",40779,"North Africa","16-Dec-15",2015,"Dec",34,NA,34,NA,NA,NA,NA,"Starvation"
"553",40819,"North Africa","16-Dec-15",2015,"Dec",2,NA,2,NA,NA,NA,NA,"Starvation"
"554",40768,"North Africa","15-Dec-15",2015,"Dec",1,NA,1,NA,NA,NA,NA,"Harsh conditions"
"555",40611,"Central America","11-Dec-15",2015,"Dec",1,NA,1,NA,NA,1,NA,"Cardiac arrest"
"556",40767,"North Africa","9-Dec-15",2015,"Dec",3,NA,3,NA,NA,NA,NA,"Harsh conditions"
"557",40559,"North Africa","8-Dec-15",2015,"Dec",11,27,38,NA,1,10,NA,"Drowning"
"558",40843,"North Africa","4-Dec-15",2015,"Dec",2,NA,2,NA,NA,2,NA,"Suffocation"
"559",40495,"US-Mexico Border","3-Dec-15",2015,"Dec",1,NA,1,NA,NA,1,NA,"Drowning"
"560",40570,"Europe","3-Dec-15",2015,"Dec",1,NA,1,NA,NA,1,NA,"Electrocution"
"561",40295,"North Africa","1-Dec-15",2015,"Dec",1,NA,1,NA,NA,NA,NA,"Dehydration"
"562",40493,"US-Mexico Border","1-Dec-15",2015,"Dec",1,NA,1,NA,NA,1,NA,"Drowning"
"563",40494,"US-Mexico Border","1-Dec-15",2015,"Dec",1,NA,1,NA,NA,1,NA,"Drowning"
"564",40683,"North Africa","30-Nov-15",2015,"Nov",4,NA,4,NA,NA,NA,NA,"Shot"
"565",40490,"US-Mexico Border","28-Nov-15",2015,"Nov",2,NA,2,NA,NA,2,NA,"Drowning"
"566",40487,"US-Mexico Border","26-Nov-15",2015,"Nov",1,NA,1,NA,NA,1,NA,"Drowning"
"567",40571,"US-Mexico Border","24-Nov-15",2015,"Nov",1,NA,1,NA,NA,1,NA,"Electrocution"
"568",40686,"North Africa","23-Nov-15",2015,"Nov",5,NA,5,NA,NA,NA,NA,"Shot"
"569",40483,"US-Mexico Border","21-Nov-15",2015,"Nov",1,NA,1,NA,NA,1,NA,"Drowning"
"570",40482,"US-Mexico Border","20-Nov-15",2015,"Nov",1,NA,1,NA,NA,1,NA,"Drowning"
"571",40766,"North Africa","19-Nov-15",2015,"Nov",1,NA,1,NA,NA,NA,NA,"Harsh conditions"
"572",40778,"North Africa","19-Nov-15",2015,"Nov",3,NA,3,NA,NA,NA,NA,"Starvation"
"573",40817,"North Africa","19-Nov-15",2015,"Nov",1,NA,1,NA,NA,NA,NA,"Starvation"
"574",40818,"North Africa","19-Nov-15",2015,"Nov",3,NA,3,NA,NA,NA,NA,"Starvation"
"575",40600,"North Africa","18-Nov-15",2015,"Nov",1,NA,1,NA,NA,NA,NA,"Harsh conditions"
"576",40765,"North Africa","18-Nov-15",2015,"Nov",3,NA,3,NA,NA,NA,NA,"Harsh conditions"
"577",40475,"North Africa","17-Nov-15",2015,"Nov",1,2,3,NA,1,2,NA,"Drowning"
"578",40477,"US-Mexico Border","17-Nov-15",2015,"Nov",1,NA,1,NA,NA,1,NA,"Drowning"
"579",40479,"US-Mexico Border","17-Nov-15",2015,"Nov",1,NA,1,NA,NA,1,NA,"Drowning"
"580",40844,"Europe","17-Nov-15",2015,"Nov",2,NA,2,NA,NA,2,NA,"Suffocation"
"581",40294,"North Africa","15-Nov-15",2015,"Nov",1,NA,1,NA,NA,NA,NA,"Dehydration"
"582",40688,"North Africa","15-Nov-15",2015,"Nov",15,NA,15,NA,NA,NA,NA,"Shot"
"583",40859,"Europe","13-Nov-15",2015,"Nov",1,NA,1,NA,1,NA,1,"Train Accident"
"584",40685,"North Africa","6-Nov-15",2015,"Nov",1,NA,1,NA,NA,1,NA,"Shot"
"585",40668,"North Africa","1-Nov-15",2015,"Nov",12,NA,12,NA,NA,NA,NA,"Murdered"
"586",40458,"US-Mexico Border","29-Oct-15",2015,"Oct",1,NA,1,NA,NA,NA,NA,"Drowning"
"587",40865,"Central America","29-Oct-15",2015,"Oct",1,NA,1,NA,NA,1,NA,"Train Accident"
"588",40610,"Europe","28-Oct-15",2015,"Oct",1,NA,1,NA,1,NA,NA,"Cardiac arrest"
"589",40764,"North Africa","28-Oct-15",2015,"Oct",2,NA,2,NA,NA,NA,NA,"Harsh conditions"
"590",40609,"Central America","26-Oct-15",2015,"Oct",1,NA,1,NA,NA,1,NA,"Cardiac arrest"
"591",40440,"US-Mexico Border","22-Oct-15",2015,"Oct",1,NA,1,NA,NA,1,NA,"Drowning"
"592",40434,"US-Mexico Border","21-Oct-15",2015,"Oct",1,NA,1,NA,1,NA,NA,"Drowning"
"593",40435,"US-Mexico Border","21-Oct-15",2015,"Oct",1,NA,1,NA,NA,1,NA,"Drowning"
"594",40732,"North Africa","20-Oct-15",2015,"Oct",1,NA,1,NA,NA,NA,NA,"Starvation"
"595",40775,"North Africa","20-Oct-15",2015,"Oct",3,NA,3,NA,NA,NA,NA,"Starvation"
"596",40776,"North Africa","20-Oct-15",2015,"Oct",3,NA,3,NA,NA,NA,NA,"Starvation"
"597",40812,"North Africa","20-Oct-15",2015,"Oct",5,NA,5,NA,NA,NA,NA,"Starvation"
"598",40813,"North Africa","20-Oct-15",2015,"Oct",2,NA,2,NA,NA,NA,NA,"Starvation"
"599",40814,"North Africa","20-Oct-15",2015,"Oct",1,NA,1,NA,NA,NA,NA,"Starvation"
"600",40815,"North Africa","20-Oct-15",2015,"Oct",1,NA,1,NA,NA,NA,NA,"Starvation"
"601",40816,"North Africa","20-Oct-15",2015,"Oct",30,NA,30,NA,NA,NA,NA,"Starvation"
"602",40430,"US-Mexico Border","18-Oct-15",2015,"Oct",1,NA,1,NA,1,NA,NA,"Drowning"
"603",40632,"US-Mexico Border","16-Oct-15",2015,"Oct",1,NA,1,NA,NA,1,NA,"Hyperthermia"
"604",40855,"Europe","16-Oct-15",2015,"Oct",1,NA,1,NA,NA,1,1,"Train Accident"
"605",40684,"Europe","15-Oct-15",2015,"Oct",1,NA,1,NA,NA,1,NA,"Shot"
"606",40850,"Europe","15-Oct-15",2015,"Oct",1,NA,1,NA,NA,NA,NA,"Train Accident"
"607",40424,"Central America","14-Oct-15",2015,"Oct",1,NA,1,NA,NA,1,NA,"Drowning"
"608",40681,"US-Mexico Border","14-Oct-15",2015,"Oct",1,NA,1,NA,NA,1,NA,"Shot"
"609",40774,"North Africa","13-Oct-15",2015,"Oct",28,NA,28,NA,NA,NA,NA,"Starvation"
"610",40810,"North Africa","13-Oct-15",2015,"Oct",5,NA,5,NA,NA,NA,NA,"Starvation"
"611",40811,"North Africa","13-Oct-15",2015,"Oct",1,NA,1,NA,NA,NA,NA,"Starvation"
"612",40422,"US-Mexico Border","11-Oct-15",2015,"Oct",1,NA,1,NA,NA,1,NA,"Drowning"
"613",40809,"North Africa","10-Oct-15",2015,"Oct",1,NA,1,NA,NA,NA,NA,"Starvation"
"614",40808,"North Africa","8-Oct-15",2015,"Oct",8,NA,8,NA,NA,NA,NA,"Starvation"
"615",40807,"North Africa","7-Oct-15",2015,"Oct",4,NA,4,NA,NA,NA,NA,"Starvation"
"616",40805,"North Africa","6-Oct-15",2015,"Oct",3,NA,3,NA,NA,NA,NA,"Starvation"
"617",40806,"North Africa","6-Oct-15",2015,"Oct",1,NA,1,NA,NA,NA,NA,"Starvation"
"618",40696,"Central America","5-Oct-15",2015,"Oct",1,NA,1,NA,NA,1,NA,"Shot"
"619",40292,"North Africa","1-Oct-15",2015,"Oct",7,NA,7,NA,NA,NA,NA,"Dehydration"
"620",40804,"North Africa","1-Oct-15",2015,"Oct",2,NA,2,NA,NA,NA,NA,"Starvation"
"621",40612,"Europe","30-Sep-15",2015,"Sep",1,NA,1,NA,NA,1,NA,"Train Accident"
"622",44611,"North Africa","30-Sep-15",2015,"Sep",1,NA,1,NA,NA,NA,NA,"Shot"
"623",40694,"Central America","29-Sep-15",2015,"Sep",1,NA,1,NA,NA,1,NA,"Shot"
"624",40414,"US-Mexico Border","28-Sep-15",2015,"Sep",1,NA,1,NA,NA,NA,NA,"Drowning"
"625",40849,"Europe","24-Sep-15",2015,"Sep",1,NA,1,NA,NA,1,1,"Train Accident"
"626",40697,"Central America","23-Sep-15",2015,"Sep",1,NA,1,NA,NA,1,NA,"Shot"
"627",40866,"Central America","22-Sep-15",2015,"Sep",2,NA,2,NA,NA,NA,NA,"Train Accident"
"628",40803,"North Africa","21-Sep-15",2015,"Sep",1,NA,1,NA,NA,NA,NA,"Starvation"
"629",40532,"Europe","20-Sep-15",2015,"Sep",1,NA,1,NA,NA,1,NA,"Drowning"
"630",40761,"North Africa","20-Sep-15",2015,"Sep",1,NA,1,NA,NA,NA,NA,"Harsh conditions"
"631",40762,"North Africa","20-Sep-15",2015,"Sep",2,NA,2,NA,NA,NA,NA,"Harsh conditions"
"632",40763,"North Africa","20-Sep-15",2015,"Sep",1,NA,1,NA,NA,NA,NA,"Harsh conditions"
"633",40773,"North Africa","20-Sep-15",2015,"Sep",3,NA,3,NA,NA,NA,NA,"Starvation"
"634",40598,"North Africa","19-Sep-15",2015,"Sep",1,NA,1,NA,NA,NA,NA,"Harsh conditions"
"635",40599,"North Africa","19-Sep-15",2015,"Sep",2,NA,2,NA,NA,NA,NA,"Harsh conditions"
"636",40772,"North Africa","19-Sep-15",2015,"Sep",3,NA,3,NA,NA,NA,NA,"Starvation"
"637",40760,"North Africa","18-Sep-15",2015,"Sep",1,NA,1,NA,NA,NA,NA,"Harsh conditions"
"638",40802,"North Africa","18-Sep-15",2015,"Sep",2,NA,2,NA,NA,NA,NA,"Starvation"
"639",40771,"North Africa","17-Sep-15",2015,"Sep",3,NA,3,NA,NA,NA,NA,"Starvation"
"640",40801,"North Africa","17-Sep-15",2015,"Sep",2,NA,2,NA,NA,NA,NA,"Starvation"
"641",40401,"US-Mexico Border","12-Sep-15",2015,"Sep",1,NA,1,NA,NA,1,NA,"Drowning"
"642",40854,"Central America","10-Sep-15",2015,"Sep",1,NA,1,NA,NA,1,NA,"Train Accident"
"643",40631,"US-Mexico Border","9-Sep-15",2015,"Sep",1,NA,1,NA,NA,1,NA,"Hyperthermia"
"644",40858,"Europe","4-Sep-15",2015,"Sep",1,NA,1,NA,NA,1,NA,"Train Accident"
"645",40390,"Europe","1-Sep-15",2015,"Sep",1,NA,1,NA,NA,1,NA,"Drowning"
"646",40666,"North Africa","1-Sep-15",2015,"Sep",3,NA,3,NA,NA,NA,NA,"Murdered"
"647",44610,"North Africa","31-Aug-15",2015,"Aug",3,NA,3,NA,NA,NA,NA,"Starvation"
"648",40630,"US-Mexico Border","28-Aug-15",2015,"Aug",1,NA,1,NA,NA,1,NA,"Hyperthermia"
"649",40846,"Europe","27-Aug-15",2015,"Aug",71,NA,71,NA,8,59,4,"Suffocation"
"650",40385,"US-Mexico Border","24-Aug-15",2015,"Aug",1,NA,1,NA,NA,1,NA,"Drowning"
"651",40629,"US-Mexico Border","23-Aug-15",2015,"Aug",1,NA,1,NA,NA,1,NA,"Hyperthermia"
"652",40628,"US-Mexico Border","21-Aug-15",2015,"Aug",1,NA,1,NA,NA,1,NA,"Hyperthermia"
"653",40627,"US-Mexico Border","20-Aug-15",2015,"Aug",1,NA,1,NA,NA,1,NA,"Hyperthermia"
"654",40759,"North Africa","20-Aug-15",2015,"Aug",2,NA,2,NA,NA,NA,NA,"Harsh conditions"
"655",40624,"US-Mexico Border","18-Aug-15",2015,"Aug",1,NA,1,NA,NA,1,NA,"Hyperthermia"
"656",40625,"US-Mexico Border","18-Aug-15",2015,"Aug",1,NA,1,NA,NA,1,NA,"Hyperthermia"
"657",40626,"US-Mexico Border","18-Aug-15",2015,"Aug",1,NA,1,NA,NA,1,NA,"Hyperthermia"
"658",40848,"Central America","18-Aug-15",2015,"Aug",20,NA,20,NA,NA,NA,NA,"Train Accident"
"659",40380,"US-Mexico Border","17-Aug-15",2015,"Aug",1,NA,1,NA,NA,1,NA,"Drowning"
"660",40378,"US-Mexico Border","15-Aug-15",2015,"Aug",1,NA,1,NA,NA,1,NA,"Drowning"
"661",40377,"US-Mexico Border","14-Aug-15",2015,"Aug",1,NA,1,NA,NA,1,NA,"Drowning"
"662",40623,"US-Mexico Border","14-Aug-15",2015,"Aug",1,NA,1,NA,NA,1,NA,"Hyperthermia"
"663",40622,"US-Mexico Border","13-Aug-15",2015,"Aug",1,NA,1,NA,NA,1,NA,"Hyperthermia"
"664",40621,"US-Mexico Border","10-Aug-15",2015,"Aug",1,NA,1,NA,NA,1,NA,"Hyperthermia"
"665",40692,"Middle East","10-Aug-15",2015,"Aug",1,NA,1,NA,1,NA,1,"Shot"
"666",40620,"US-Mexico Border","8-Aug-15",2015,"Aug",1,NA,1,NA,NA,1,NA,"Hyperthermia"
"667",40619,"US-Mexico Border","5-Aug-15",2015,"Aug",1,NA,1,NA,NA,1,NA,"Hyperthermia"
"668",40618,"US-Mexico Border","4-Aug-15",2015,"Aug",1,NA,1,NA,NA,1,NA,"Hyperthermia"
"669",40695,"Central America","4-Aug-15",2015,"Aug",1,NA,1,NA,NA,1,NA,"Shot"
"670",40853,"Central America","4-Aug-15",2015,"Aug",1,NA,1,NA,NA,1,NA,"Train Accident"
"671",40680,"Central America","3-Aug-15",2015,"Aug",1,NA,1,NA,NA,1,NA,"Shot"
"672",40663,"North Africa","1-Aug-15",2015,"Aug",1,NA,1,NA,NA,NA,NA,"Murdered"
"673",40800,"North Africa","1-Aug-15",2015,"Aug",1,NA,1,NA,NA,NA,NA,"Starvation"
"674",40840,"North Africa","1-Aug-15",2015,"Aug",1,NA,1,NA,NA,NA,NA,"Suffocation"
"675",40662,"US-Mexico Border","31-Jul-15",2015,"Jul",1,NA,1,NA,NA,1,NA,"Murdered"
"676",40371,"US-Mexico Border","29-Jul-15",2015,"Jul",1,NA,1,NA,NA,1,NA,"Drowning"
"677",40370,"US-Mexico Border","28-Jul-15",2015,"Jul",1,NA,1,NA,NA,1,NA,"Drowning"
"678",40369,"Europe","24-Jul-15",2015,"Jul",1,NA,1,NA,NA,1,NA,"Drowning"
"679",40798,"North Africa","23-Jul-15",2015,"Jul",1,NA,1,NA,NA,NA,NA,"Starvation"
"680",40799,"North Africa","23-Jul-15",2015,"Jul",7,NA,7,NA,NA,NA,NA,"Starvation"
"681",40367,"US-Mexico Border","21-Jul-15",2015,"Jul",3,NA,3,NA,NA,3,1,"Drowning"
"682",40366,"Europe","19-Jul-15",2015,"Jul",1,NA,1,NA,NA,1,1,"Drowning"
"683",40362,"US-Mexico Border","7-Jul-15",2015,"Jul",1,NA,1,NA,NA,1,1,"Drowning"
"684",40857,"Europe","7-Jul-15",2015,"Jul",1,NA,1,NA,NA,1,NA,"Train Accident"
"685",40797,"North Africa","6-Jul-15",2015,"Jul",1,NA,1,NA,NA,NA,NA,"Starvation"
"686",40665,"North Africa","1-Jul-15",2015,"Jul",2,NA,2,NA,NA,NA,NA,"Murdered"
"687",40667,"North Africa","1-Jul-15",2015,"Jul",1,NA,1,NA,NA,NA,NA,"Murdered"
"688",40795,"North Africa","1-Jul-15",2015,"Jul",1,NA,1,NA,NA,NA,NA,"Starvation"
"689",40796,"North Africa","1-Jul-15",2015,"Jul",3,NA,3,NA,NA,NA,NA,"Starvation"
"690",44608,"North Africa","30-Jun-15",2015,"Jun",2,NA,2,NA,NA,NA,NA,"Dehydration"
"691",40617,"US-Mexico Border","27-Jun-15",2015,"Jun",1,NA,1,NA,NA,1,NA,"Hyperthermia"
"692",40856,"Europe","26-Jun-15",2015,"Jun",1,NA,1,NA,NA,1,NA,"Train Accident"
"693",40360,"US-Mexico Border","25-Jun-15",2015,"Jun",1,NA,1,NA,NA,1,NA,"Drowning"
"694",40358,"US-Mexico Border","21-Jun-15",2015,"Jun",1,NA,1,NA,NA,1,NA,"Drowning"
"695",40852,"Central America","16-Jun-15",2015,"Jun",1,NA,1,NA,NA,1,NA,"Train Accident"
"696",40299,"North Africa","15-Jun-15",2015,"Jun",15,NA,15,NA,NA,NA,NA,"Dehydration"
"697",40616,"US-Mexico Border","8-Jun-15",2015,"Jun",1,NA,1,NA,NA,1,NA,"Hyperthermia"
"698",40297,"North Africa","3-Jun-15",2015,"Jun",18,NA,18,NA,1,17,NA,"Dehydration"
"699",40298,"North Africa","3-Jun-15",2015,"Jun",NA,NA,0,NA,NA,NA,NA,"Dehydration"
"700",40300,"North Africa","3-Jun-15",2015,"Jun",NA,NA,0,NA,NA,NA,NA,"Dehydration"
"701",40614,"US-Mexico Border","1-Jun-15",2015,"Jun",1,NA,1,NA,1,NA,NA,"Hyperthermia"
"702",40615,"US-Mexico Border","1-Jun-15",2015,"Jun",1,NA,1,NA,NA,1,NA,"Hyperthermia"
"703",40664,"North Africa","1-Jun-15",2015,"Jun",1,NA,1,NA,NA,NA,NA,"Murdered"
"704",40690,"Central America","31-May-15",2015,"May",1,NA,1,NA,NA,1,NA,"Shot"
"705",40355,"US-Mexico Border","28-May-15",2015,"May",8,NA,8,NA,NA,NA,NA,"Drowning"
"706",40356,"US-Mexico Border","28-May-15",2015,"May",NA,1,1,NA,NA,1,NA,"Drowning"
"707",40608,"South America","27-May-15",2015,"May",1,NA,1,NA,NA,1,NA,"Cardiac arrest"
"708",40350,"US-Mexico Border","18-May-15",2015,"May",1,NA,1,NA,NA,1,NA,"Drowning"
"709",40691,"Central America","10-May-15",2015,"May",1,NA,1,2,NA,1,NA,"Shot"
"710",40290,"North Africa","1-May-15",2015,"May",6,NA,6,NA,NA,NA,NA,"Dehydration"
"711",40661,"North Africa","1-May-15",2015,"May",2,NA,2,NA,NA,NA,NA,"Murdered"
"712",44606,"North Africa","30-Apr-15",2015,"Apr",2,NA,2,NA,NA,NA,NA,"Shot"
"713",40863,"Europe","24-Apr-15",2015,"Apr",1,NA,1,NA,NA,1,NA,"Train Accident"
"714",40862,"Europe","23-Apr-15",2015,"Apr",14,NA,14,36,NA,NA,NA,"Train Accident"
"715",40348,"US-Mexico Border","21-Apr-15",2015,"Apr",1,NA,1,NA,NA,1,NA,"Drowning"
"716",40851,"Central America","17-Apr-15",2015,"Apr",1,NA,1,NA,NA,1,NA,"Train Accident"
"717",40343,"US-Mexico Border","15-Apr-15",2015,"Apr",1,2,3,NA,2,1,NA,"Drowning"
"718",40342,"US-Mexico Border","14-Apr-15",2015,"Apr",1,NA,1,NA,NA,1,NA,"Drowning"
"719",40296,"North Africa","1-Apr-15",2015,"Apr",1,NA,1,NA,NA,NA,NA,"Dehydration"
"720",40333,"US-Mexico Border","17-Mar-15",2015,"Mar",1,NA,1,NA,NA,1,NA,"Drowning"
"721",40860,"Central America","17-Mar-15",2015,"Mar",NA,NA,0,NA,NA,NA,NA,"Train Accident"
"722",40861,"Central America","17-Mar-15",2015,"Mar",6,NA,6,269,NA,NA,NA,"Train Accident"
"723",40331,"North Africa","11-Mar-15",2015,"Mar",4,8,12,18,NA,NA,1,"Drowning"
"724",40332,"US-Mexico Border","11-Mar-15",2015,"Mar",1,NA,1,NA,NA,NA,NA,"Drowning"
"725",40329,"Central America","9-Mar-15",2015,"Mar",1,NA,1,NA,NA,1,NA,"Drowning"
"726",40328,"North Africa","8-Mar-15",2015,"Mar",4,NA,4,30,NA,NA,NA,"Drowning"
"727",40326,"US-Mexico Border","6-Mar-15",2015,"Mar",1,NA,1,NA,NA,1,NA,"Drowning"
"728",40327,"US-Mexico Border","6-Mar-15",2015,"Mar",1,NA,1,NA,NA,1,NA,"Drowning"
"729",40533,"Central America","6-Mar-15",2015,"Mar",1,NA,1,NA,NA,1,NA,"Drowning"
"730",40539,"North Africa","4-Mar-15",2015,"Mar",NA,25,25,NA,NA,NA,NA,"Drowning"
"731",40597,"North Africa","1-Mar-15",2015,"Mar",3,NA,3,NA,NA,NA,NA,"Harsh conditions"
"732",40659,"North Africa","1-Mar-15",2015,"Mar",1,NA,1,NA,NA,NA,NA,"Murdered"
"733",40660,"North Africa","1-Mar-15",2015,"Mar",2,NA,2,NA,NA,NA,NA,"Murdered"
"734",40321,"US-Mexico Border","28-Feb-15",2015,"Feb",6,NA,6,NA,1,4,NA,"Drowning"
"735",40317,"US-Mexico Border","6-Feb-15",2015,"Feb",1,NA,1,NA,NA,1,NA,"Drowning"
"736",40315,"US-Mexico Border","30-Jan-15",2015,"Jan",1,NA,1,NA,NA,1,NA,"Drowning"
"737",40655,"Central America","19-Jan-15",2015,"Jan",1,NA,1,NA,NA,1,NA,"Murdered"
"738",40658,"Central America","17-Jan-15",2015,"Jan",1,NA,1,NA,NA,1,NA,"Murdered"
"739",40596,"North Africa","1-Jan-15",2015,"Jan",26,NA,26,NA,NA,NA,NA,"Harsh conditions"
"740",40657,"North Africa","1-Jan-15",2015,"Jan",1,NA,1,NA,NA,NA,NA,"Murdered"
"741",39442,"North Africa","31-Dec-14",2014,"Dec",1,NA,1,NA,NA,NA,NA,"Murdered"
"742",39438,"Europe","19-Nov-14",2014,"Nov",2,NA,2,NA,NA,NA,NA,"Burned"
"743",39376,"Middle East","7-Nov-14",2014,"Nov",27,11,38,6,4,NA,11,"Drowning"
"744",39346,"US-Mexico Border","14-Sep-14",2014,"Sep",1,NA,1,NA,NA,1,NA,"Drowning"
"745",39347,"US-Mexico Border","14-Sep-14",2014,"Sep",1,0,1,0,NA,1,NA,"Hyperthermia"
"746",39226,"Central America","12-Sep-14",2014,"Sep",1,NA,1,NA,NA,1,NA,"Train Accident"
"747",39223,"Central America","10-Sep-14",2014,"Sep",2,NA,2,17,NA,NA,NA,"Drowning"
"748",39340,"US-Mexico Border","23-Aug-14",2014,"Aug",1,NA,1,NA,NA,1,NA,"Hyperthermia"
"749",39334,"US-Mexico Border","4-Aug-14",2014,"Aug",1,NA,1,NA,NA,1,NA,"Hyperthermia"
"750",39333,"Central America","3-Aug-14",2014,"Aug",1,NA,1,NA,NA,1,NA,"Train Accident"
"751",39363,"Middle East","31-Jul-14",2014,"Jul",1,NA,1,NA,NA,NA,NA,"Harsh conditions"
"752",39222,"US-Mexico Border","30-Jul-14",2014,"Jul",1,NA,1,NA,NA,1,1,"Electrocution"
"753",39328,"US-Mexico Border","26-Jul-14",2014,"Jul",1,NA,1,NA,NA,1,NA,"Hyperthermia"
"754",39323,"Central America","7-Jul-14",2014,"Jul",1,NA,1,NA,NA,1,NA,"Train Accident"
"755",39320,"US-Mexico Border","2-Jul-14",2014,"Jul",1,NA,1,NA,NA,NA,NA,"Hyperthermia"
"756",39314,"US-Mexico Border","18-Jun-14",2014,"Jun",1,NA,1,NA,NA,1,NA,"Hyperthermia"
"757",39412,"North Africa","16-Jun-14",2014,"Jun",NA,29,29,NA,NA,NA,NA,"Drowning"
"758",39311,"US-Mexico Border","14-Jun-14",2014,"Jun",1,NA,1,NA,NA,1,NA,"Hyperthermia"
"759",39306,"US-Mexico Border","12-Jun-14",2014,"Jun",1,NA,1,NA,1,NA,NA,"Hyperthermia"
"760",39304,"US-Mexico Border","10-Jun-14",2014,"Jun",1,NA,1,NA,NA,1,NA,"Hyperthermia"
"761",39302,"US-Mexico Border","9-Jun-14",2014,"Jun",1,NA,1,NA,NA,1,NA,"Hyperthermia"
"762",39221,"US-Mexico Border","3-Jun-14",2014,"Jun",1,NA,1,NA,NA,1,NA,"Hyperthermia"
"763",39218,"US-Mexico Border","27-Apr-14",2014,"Apr",1,NA,1,NA,NA,1,NA,"Hyperthermia"
"764",39235,"North Africa","14-Apr-14",2014,"Apr",10,0,10,309,NA,NA,NA,"Hyperthermia"
"765",39273,"US-Mexico Border","15-Mar-14",2014,"Mar",1,NA,1,NA,NA,NA,NA,"Hyperthermia"
"766",39372,"US-Mexico Border","11-Mar-14",2014,"Mar",1,NA,1,NA,1,NA,1,"Suicide"
"767",39212,"US-Mexico Border","4-Mar-14",2014,"Mar",1,NA,1,NA,1,NA,NA,"Hyperthermia"
"768",39379,"South Asia","26-Feb-14",2014,"Feb",1,0,1,0,NA,1,NA,"Shot"
"769",39211,"US-Mexico Border","18-Feb-14",2014,"Feb",1,NA,1,2,NA,1,NA,"Shot"
"770",39258,"US-Mexico Border","17-Jan-14",2014,"Jan",1,NA,1,NA,NA,NA,NA,"Shot"
"771",39207,"US-Mexico Border","16-Jan-14",2014,"Jan",1,NA,1,NA,NA,1,NA,"Shot"
"772",39368,"Europe","16-Jan-14",2014,"Jan",1,0,1,2,NA,1,NA,"Hyperthermia"
