Web ID,Region of Incident,Reported Date,Reported Year,Reported Month,Number Dead,Minimum Estimated Number of Missing,Total Dead and Missing,Number of Survivors,Number of Females,Number of Males,Number of Children,Cause of Death
45909,US-Mexico Border,3-Sep-18,2018,Sep,1,,1,,,1,,Dehydration
45903,US-Mexico Border,2-Sep-18,2018,Sep,1,,1,,,,,Unknown (skeletal remains)
45902,US-Mexico Border,31-Aug-18,2018,Aug,1,,1,,,1,,Drowning
45895,US-Mexico Border,30-Aug-18,2018,Aug,1,,1,,,1,,Drowning
45894,US-Mexico Border,29-Aug-18,2018,Aug,1,,1,,,1,,Dehydration
45887,US-Mexico Border,28-Aug-18,2018,Aug,1,,1,,,1,,Unknown
45888,US-Mexico Border,28-Aug-18,2018,Aug,2,,2,,,2,,Drowning
45889,US-Mexico Border,28-Aug-18,2018,Aug,1,,1,,,,,Unknown
45892,US-Mexico Border,27-Aug-18,2018,Aug,1,,1,,,1,,Dehydration
45886,US-Mexico Border,26-Aug-18,2018,Aug,1,,1,,,1,,Unknown
45884,Central America,26-Aug-18,2018,Aug,1,,1,,,1,,Fall from train
45883,Central America,25-Aug-18,2018,Aug,2,,2,5,1,1,1,Vehicle Accident
45882,US-Mexico Border,24-Aug-18,2018,Aug,1,,1,,,1,,Drowning
45885,US-Mexico Border,24-Aug-18,2018,Aug,1,,1,,,,,Unknown
45880,US-Mexico Border,23-Aug-18,2018,Aug,1,,1,,1,,,Drowning
45879,US-Mexico Border,21-Aug-18,2018,Aug,1,,1,,,,,Presumed drowning
45868,US-Mexico Border,21-Aug-18,2018,Aug,1,,1,,,,,Unknown
45867,US-Mexico Border,19-Aug-18,2018,Aug,1,,1,,,,,Dehydration
45866,US-Mexico Border,19-Aug-18,2018,Aug,2,,2,,,,,Drowning
45858,US-Mexico Border,18-Aug-18,2018,Aug,1,,1,,,1,,Dehydration
45859,US-Mexico Border,18-Aug-18,2018,Aug,1,,1,,,1,,Drowning
45856,US-Mexico Border,17-Aug-18,2018,Aug,1,,1,,,,,Presumed drowning
45855,US-Mexico Border,17-Aug-18,2018,Aug,1,,1,,,,,Unknown
45865,US-Mexico Border,17-Aug-18,2018,Aug,1,,1,,,,,Presumed drowning
45853,US-Mexico Border,16-Aug-18,2018,Aug,1,,1,,1,,,Drowning
45850,Central America,15-Aug-18,2018,Aug,3,,3,,,,,Train Accident
45845,US-Mexico Border,15-Aug-18,2018,Aug,1,,1,,,1,,Drowning
45878,Caribbean,15-Aug-18,2018,Aug,,3,3,24,,3,,Presumed drowning
45852,South America,14-Aug-18,2018,Aug,4,,4,19,1,3,,Vehicle Accident
45877,US-Mexico Border,13-Aug-18,2018,Aug,1,,1,,,,,Unknown (skeletal remains)
45863,South America,10-Aug-18,2018,Aug,1,,1,,1,,1,Hypothermia
45890,Central America,8-Aug-18,2018,Aug,1,,1,,,1,,Electrocution on railway
45891,South America,8-Aug-18,2018,Aug,3,,3,14,,,,Hypothermia
45876,Central America,6-Aug-18,2018,Aug,1,,1,,,1,,Fall from train
45843,Central America,5-Aug-18,2018,Aug,1,,1,,,1,,Fall from train
45875,Central America,4-Aug-18,2018,Aug,1,,1,,,1,,Fall from train
45851,US-Mexico Border,1-Aug-18,2018,Aug,38,,38,,,,,Mixed
45832,US-Mexico Border,31-Jul-18,2018,Jul,1,,1,,,1,,Unknown
45818,US-Mexico Border,30-Jul-18,2018,Jul,1,,1,,,1,,Drowning
45829,US-Mexico Border,30-Jul-18,2018,Jul,1,,1,,,,,Unknown
45830,US-Mexico Border,30-Jul-18,2018,Jul,1,,1,,,,,Unknown
45793,US-Mexico Border,26-Jul-18,2018,Jul,1,,1,,,,,Unknown
45815,US-Mexico Border,25-Jul-18,2018,Jul,1,,1,2,,1,,Dehydration
45756,US-Mexico Border,24-Jul-18,2018,Jul,1,,1,,,1,,Drowning
45864,South America,24-Jul-18,2018,Jul,,1,1,,1,,,Hypothermia
45814,US-Mexico Border,24-Jul-18,2018,Jul,1,,1,,,,,Dehydration
45757,US-Mexico Border,24-Jul-18,2018,Jul,1,,1,1,,1,,Cardiac arrest
45828,US-Mexico Border,24-Jul-18,2018,Jul,1,,1,,,1,,Probable hyperthermia
45825,US-Mexico Border,23-Jul-18,2018,Jul,1,,1,,,,,Unknown (skeletal remains)
45826,US-Mexico Border,23-Jul-18,2018,Jul,1,,1,,,,,Unknown (skeletal remains)
45824,US-Mexico Border,22-Jul-18,2018,Jul,1,,1,,,,,Unknown (mummified remains)
45754,US-Mexico Border,22-Jul-18,2018,Jul,1,,1,2,1,,,Dehydration
45751,US-Mexico Border,21-Jul-18,2018,Jul,1,,1,1,,1,,Dehydration
45813,US-Mexico Border,21-Jul-18,2018,Jul,1,,1,,,1,,Dehydration
45810,US-Mexico Border,21-Jul-18,2018,Jul,1,,1,,1,,,Dehydration
45823,Central America,21-Jul-18,2018,Jul,1,,1,,,1,,Hit by train
45753,US-Mexico Border,20-Jul-18,2018,Jul,1,,1,,,1,,Drowning
45749,Central America,19-Jul-18,2018,Jul,1,,1,,,1,,Fall from train
45752,US-Mexico Border,19-Jul-18,2018,Jul,1,,1,,,1,,Dehydration
45822,US-Mexico Border,18-Jul-18,2018,Jul,1,,1,,,1,,Probable hyperthermia
45741,US-Mexico Border,15-Jul-18,2018,Jul,1,,1,3,,1,,Hyperthermia
45820,US-Mexico Border,15-Jul-18,2018,Jul,1,,1,,,1,,Unknown (mummified remains)
45821,US-Mexico Border,15-Jul-18,2018,Jul,1,,1,,1,,,Unknown (skeletal remains)
45728,South America,12-Jul-18,2018,Jul,1,,1,,,1,,Drowning
45726,Central America,11-Jul-18,2018,Jul,1,,1,,,1,,Hit by train
45725,US-Mexico Border,9-Jul-18,2018,Jul,1,,1,,,1,,Drowning
45844,US-Mexico Border,7-Jul-18,2018,Jul,1,,1,,,1,,Unknown
45908,US-Mexico Border,7-Jul-18,2018,Jul,1,,1,,1,,,Unknown
45740,US-Mexico Border,6-Jul-18,2018,Jul,1,,1,,,,,Drowning
45724,US-Mexico Border,6-Jul-18,2018,Jul,1,,1,,,1,,Hyperthermia
45719,Central America,5-Jul-18,2018,Jul,1,,1,,,1,,Fall from train
45716,US-Mexico Border,3-Jul-18,2018,Jul,1,,1,,,1,,Drowning
45727,US-Mexico Border,1-Jul-18,2018,Jul,1,,1,,,1,,Drowning
45739,US-Mexico Border,30-Jun-18,2018,Jun,1,,1,,,,,Dehydration
44943,US-Mexico Border,29-Jun-18,2018,Jun,1,,1,1,,1,,Unknown
44942,US-Mexico Border,27-Jun-18,2018,Jun,1,,1,,,,,Presumed drowning
44941,US-Mexico Border,27-Jun-18,2018,Jun,1,,1,,,1,,Unknown
45771,US-Mexico Border,27-Jun-18,2018,Jun,1,,1,,,,,Hyperthermia
45792,US-Mexico Border,27-Jun-18,2018,Jun,1,,1,,,,,Probable hyperthermia
44940,US-Mexico Border,26-Jun-18,2018,Jun,1,,1,,,1,,Exposure
45790,US-Mexico Border,26-Jun-18,2018,Jun,1,,1,,,,,Unknown (skeletal remains)
45791,US-Mexico Border,26-Jun-18,2018,Jun,1,,1,,,,,Unknown (skeletal remains)
45789,US-Mexico Border,26-Jun-18,2018,Jun,1,,1,,,1,,Unknown
44928,US-Mexico Border,25-Jun-18,2018,Jun,1,,1,,,1,,Dehydration
45788,US-Mexico Border,24-Jun-18,2018,Jun,1,,1,,1,,,Hyperthermia
44927,US-Mexico Border,23-Jun-18,2018,Jun,1,,1,,,1,,Drowning
45809,US-Mexico Border,23-Jun-18,2018,Jun,1,,1,,,,,Unknown (skeletal remains)
45808,US-Mexico Border,23-Jun-18,2018,Jun,1,,1,,,1,,Unknown
44939,US-Mexico Border,22-Jun-18,2018,Jun,1,,1,,,1,,Drowning
44926,US-Mexico Border,22-Jun-18,2018,Jun,1,,1,,,,,Unknown (skeletal remains)
45784,US-Mexico Border,21-Jun-18,2018,Jun,1,,1,,,,,Unknown (skeletal remains)
45787,US-Mexico Border,21-Jun-18,2018,Jun,1,,1,,,,,Unknown (skeletal remains)
45786,US-Mexico Border,21-Jun-18,2018,Jun,1,,1,,,1,,Unknown (skeletal remains)
45785,US-Mexico Border,21-Jun-18,2018,Jun,1,,1,,,,,Unknown (skeletal remains)
45783,US-Mexico Border,20-Jun-18,2018,Jun,1,,1,,,,,Unknown (skeletal remains)
44925,US-Mexico Border,19-Jun-18,2018,Jun,1,,1,,,1,,Presumed drowning
45782,US-Mexico Border,19-Jun-18,2018,Jun,1,,1,,,,,Unknown (skeletal remains)
45781,US-Mexico Border,18-Jun-18,2018,Jun,1,,1,,,1,,Probable hyperthermia
44904,US-Mexico Border,18-Jun-18,2018,Jun,1,,1,,,1,,Dehydration
45807,US-Mexico Border,18-Jun-18,2018,Jun,1,,1,,,1,,Unknown
44890,US-Mexico Border,17-Jun-18,2018,Jun,1,,1,,,1,,Drowning
44891,US-Mexico Border,17-Jun-18,2018,Jun,5,,5,9,,,,Vehicle Accident
45780,US-Mexico Border,17-Jun-18,2018,Jun,1,,1,,,1,,Probable hyperthermia
45806,US-Mexico Border,16-Jun-18,2018,Jun,1,,1,,,1,,Unknown
45779,US-Mexico Border,15-Jun-18,2018,Jun,1,,1,,,1,,Unknown (skeletal remains)
45805,US-Mexico Border,14-Jun-18,2018,Jun,1,,1,,,1,,Unknown
44889,US-Mexico Border,13-Jun-18,2018,Jun,1,,1,,,1,,Drowning
45777,US-Mexico Border,13-Jun-18,2018,Jun,1,,1,,,1,,Probable hyperthermia
45778,US-Mexico Border,13-Jun-18,2018,Jun,1,,1,,,1,,Unknown (skeletal remains)
45804,US-Mexico Border,13-Jun-18,2018,Jun,1,,1,,,1,,Unknown
45776,US-Mexico Border,12-Jun-18,2018,Jun,1,,1,,,,,Unknown (skeletal remains)
45871,US-Mexico Border,11-Jun-18,2018,Jun,1,,1,,,1,,Dehydration
45775,US-Mexico Border,11-Jun-18,2018,Jun,1,,1,,,1,,Unknown (skeletal remains)
44888,US-Mexico Border,10-Jun-18,2018,Jun,1,,1,,,1,,Drowning
45770,US-Mexico Border,9-Jun-18,2018,Jun,1,,1,,,1,,Presumed drowning
44908,US-Mexico Border,8-Jun-18,2018,Jun,1,,1,,,1,,Unknown
44909,US-Mexico Border,8-Jun-18,2018,Jun,1,,1,,,,,Presumed drowning
45774,US-Mexico Border,7-Jun-18,2018,Jun,1,,1,,,1,,Unknown (skeletal remains)
45738,US-Mexico Border,7-Jun-18,2018,Jun,1,,1,,,,,Drowning
44931,US-Mexico Border,7-Jun-18,2018,Jun,1,,1,,,1,,Asphyxiation
44868,US-Mexico Border,7-Jun-18,2018,Jun,1,,1,,,1,,Dehydration
44866,Central America,6-Jun-18,2018,Jun,1,,1,,,1,,Fall from train
45773,US-Mexico Border,6-Jun-18,2018,Jun,1,,1,,,,,Unknown (skeletal remains)
44924,US-Mexico Border,4-Jun-18,2018,Jun,1,,1,,,,,Unknown
44912,Central America,4-Jun-18,2018,Jun,1,,1,,,1,,Hit by train
45772,US-Mexico Border,4-Jun-18,2018,Jun,1,,1,,,1,,Unknown (skeletal remains)
44923,US-Mexico Border,4-Jun-18,2018,Jun,1,,1,,,,,Unknown
44922,US-Mexico Border,4-Jun-18,2018,Jun,1,,1,,,1,,Unknown
44864,US-Mexico Border,3-Jun-18,2018,Jun,1,,1,,,1,,Drowning
44863,Central America,2-Jun-18,2018,Jun,1,,1,,,1,,Hit by vehicle
45737,US-Mexico Border,2-Jun-18,2018,Jun,1,,1,,,,,Drowning
44919,US-Mexico Border,1-Jun-18,2018,Jun,1,,1,,,,,Presumed drowning
45769,US-Mexico Border,31-May-18,2018,May,1,,1,,,1,,Presumed drowning
44862,US-Mexico Border,29-May-18,2018,May,1,,1,,,1,,Probable hyperthermia
44861,US-Mexico Border,29-May-18,2018,May,1,,1,,,1,,Unknown (skeletal remains)
45722,Central America,27-May-18,2018,May,1,,1,,,1,,Fall from train
44823,US-Mexico Border,26-May-18,2018,May,1,,1,,,1,,Drowning
44825,Central America,26-May-18,2018,May,1,,1,,,1,,Fall from train
44860,US-Mexico Border,25-May-18,2018,May,1,,1,,,1,,Unknown (skeletal remains)
44820,US-Mexico Border,24-May-18,2018,May,2,,2,,,2,,Drowning
44920,US-Mexico Border,23-May-18,2018,May,1,,1,1,,1,,Unknown
44817,US-Mexico Border,23-May-18,2018,May,1,,1,3,1,,,Shot
44921,US-Mexico Border,23-May-18,2018,May,1,,1,,,,,Unknown
44816,Central America,22-May-18,2018,May,1,,1,106,,1,,Shot
44859,US-Mexico Border,21-May-18,2018,May,1,,1,,,,,Probable hyperthermia
44814,US-Mexico Border,21-May-18,2018,May,1,,1,,,1,,Unknown
44811,US-Mexico Border,19-May-18,2018,May,1,,1,,,1,,Unknown (skeletal remains)
44858,US-Mexico Border,17-May-18,2018,May,1,,1,,,,,Unknown (skeletal remains)
45803,US-Mexico Border,16-May-18,2018,May,1,,1,,,,,Unknown
44857,US-Mexico Border,16-May-18,2018,May,1,,1,,,1,,Unknown (skeletal remains)
45840,Central America,15-May-18,2018,May,1,,1,,,1,,Hit by train
44856,US-Mexico Border,13-May-18,2018,May,1,,1,,,1,,Dehydration
44805,US-Mexico Border,13-May-18,2018,May,1,,1,,,1,,Drowning
44829,US-Mexico Border,12-May-18,2018,May,1,,1,,,1,,Drowning
44799,US-Mexico Border,11-May-18,2018,May,1,,1,,,1,,Drowning
44804,US-Mexico Border,11-May-18,2018,May,1,,1,,,1,,Drowning
45802,US-Mexico Border,11-May-18,2018,May,1,,1,,,1,,Unknown
44797,US-Mexico Border,10-May-18,2018,May,1,,1,,,,,Unknown
44796,US-Mexico Border,10-May-18,2018,May,1,,1,,,1,,Unknown (skeletal remains)
44855,US-Mexico Border,9-May-18,2018,May,1,,1,,,,,Unknown (skeletal remains)
44854,US-Mexico Border,8-May-18,2018,May,1,,1,,,1,,Unknown (skeletal remains)
44793,Central America,7-May-18,2018,May,1,,1,,,1,,"Hit by train, Train Accident"
44853,US-Mexico Border,7-May-18,2018,May,1,,1,,,,,Unknown (skeletal remains)
44852,US-Mexico Border,6-May-18,2018,May,1,,1,,1,,,Hyperthermia
44788,US-Mexico Border,3-May-18,2018,May,1,,1,,,1,,Drowning
44785,Central America,2-May-18,2018,May,1,,1,,,1,,Violence
44851,US-Mexico Border,2-May-18,2018,May,1,,1,,,1,,Unknown (skeletal remains)
44780,US-Mexico Border,29-Apr-18,2018,Apr,1,,1,,,1,,Drowning
44776,Central America,27-Apr-18,2018,Apr,1,,1,,,1,,Fall from train
44777,US-Mexico Border,26-Apr-18,2018,Apr,1,,1,,,1,,Drowning
45768,US-Mexico Border,25-Apr-18,2018,Apr,1,,1,,,,,Unknown
44850,US-Mexico Border,25-Apr-18,2018,Apr,1,,1,,,1,,Probable hyperthermia
44849,US-Mexico Border,25-Apr-18,2018,Apr,1,,1,,,1,,Unknown (skeletal remains)
44848,US-Mexico Border,24-Apr-18,2018,Apr,1,,1,,,1,,Unknown (mummified remains)
44847,US-Mexico Border,24-Apr-18,2018,Apr,1,,1,,1,,,Unknown (skeletal remains)
44772,US-Mexico Border,23-Apr-18,2018,Apr,1,,1,14,,,,Vehicle Accident
44846,US-Mexico Border,23-Apr-18,2018,Apr,1,,1,,,,,Unknown (skeletal remains)
44771,Caribbean,22-Apr-18,2018,Apr,1,,1,,,1,,Shot
44767,South America,19-Apr-18,2018,Apr,4,,4,,,3,1,Drowning
44845,US-Mexico Border,18-Apr-18,2018,Apr,1,,1,,,1,,Unknown (skeletal remains)
44794,Central America,17-Apr-18,2018,Apr,1,,1,,,1,,Hit by train
44764,Central America,17-Apr-18,2018,Apr,1,,1,,,1,,Hit by train
44763,US-Mexico Border,17-Apr-18,2018,Apr,1,,1,,,1,,Presumed drowning
44844,US-Mexico Border,17-Apr-18,2018,Apr,1,,1,,,1,,Unknown (skeletal remains)
44843,US-Mexico Border,14-Apr-18,2018,Apr,1,,1,,,1,,Unknown (skeletal remains)
44842,US-Mexico Border,13-Apr-18,2018,Apr,1,,1,,,1,,Unknown (skeletal remains)
44758,US-Mexico Border,12-Apr-18,2018,Apr,2,,2,,,2,,Drowning
44759,Central America,12-Apr-18,2018,Apr,1,,1,,1,,,Hit by train
44840,US-Mexico Border,10-Apr-18,2018,Apr,1,,1,,,1,,Unknown (skeletal remains)
44841,US-Mexico Border,10-Apr-18,2018,Apr,1,,1,,,1,,Unknown (skeletal remains)
45801,US-Mexico Border,9-Apr-18,2018,Apr,1,,1,,,,,Unknown (skeletal remains)
44839,US-Mexico Border,6-Apr-18,2018,Apr,1,,1,,,,,Unknown (skeletal remains)
45732,US-Mexico Border,3-Apr-18,2018,Apr,1,,1,,,1,,Presumed drowning
45767,US-Mexico Border,3-Apr-18,2018,Apr,1,,1,,,1,,Presumed drowning
45800,US-Mexico Border,2-Apr-18,2018,Apr,1,,1,,,1,,Unknown
45799,US-Mexico Border,1-Apr-18,2018,Apr,1,,1,,,,,Unknown
45736,US-Mexico Border,29-Mar-18,2018,Mar,1,,1,,,,,Drowning
45766,US-Mexico Border,29-Mar-18,2018,Mar,1,,1,,,1,,Presumed drowning
44707,US-Mexico Border,28-Mar-18,2018,Mar,1,,1,,,1,,Unknown (skeletal remains)
45765,US-Mexico Border,28-Mar-18,2018,Mar,1,,1,,,1,,Presumed drowning
44704,US-Mexico Border,27-Mar-18,2018,Mar,1,,1,,,1,,Unknown (skeletal remains)
44706,US-Mexico Border,27-Mar-18,2018,Mar,1,,1,,1,,,Unknown (skeletal remains)
45764,US-Mexico Border,27-Mar-18,2018,Mar,1,,1,,,1,,Presumed drowning
44681,Central America,26-Mar-18,2018,Mar,1,,1,,,1,,"Hit by train, Train Accident"
44683,Central America,26-Mar-18,2018,Mar,2,3,5,4,1,1,1,Drowning
44695,Central America,26-Mar-18,2018,Mar,1,,1,,,1,,Fall from train
44679,US-Mexico Border,24-Mar-18,2018,Mar,1,,1,,1,,,Suicide
44703,US-Mexico Border,23-Mar-18,2018,Mar,1,,1,,,1,,Unknown (skeletal remains)
44678,US-Mexico Border,22-Mar-18,2018,Mar,1,,1,,,1,,Drowning
44702,US-Mexico Border,21-Mar-18,2018,Mar,1,,1,,1,,,Unknown (skeletal remains)
44701,US-Mexico Border,21-Mar-18,2018,Mar,1,,1,,,1,,Unknown (skeletal remains)
45798,US-Mexico Border,20-Mar-18,2018,Mar,1,,1,,1,,,Unknown
44712,US-Mexico Border,18-Mar-18,2018,Mar,1,,1,,,1,,Drowning
44677,US-Mexico Border,15-Mar-18,2018,Mar,1,,1,,,1,,Unknown
44663,Central America,14-Mar-18,2018,Mar,1,,1,,,1,,Hit by train
44662,US-Mexico Border,13-Mar-18,2018,Mar,1,,1,,,1,,Drowning
44700,US-Mexico Border,13-Mar-18,2018,Mar,1,,1,,,1,,Unknown (skeletal remains)
45763,US-Mexico Border,13-Mar-18,2018,Mar,1,,1,,,1,,Presumed drowning
44660,Central America,12-Mar-18,2018,Mar,1,,1,,,1,,Unknown
44657,US-Mexico Border,11-Mar-18,2018,Mar,1,,1,1,,1,,Unknown
44656,US-Mexico Border,11-Mar-18,2018,Mar,1,,1,4,,1,,Drowning
44675,US-Mexico Border,10-Mar-18,2018,Mar,1,,1,,,1,,Unknown
45717,US-Mexico Border,9-Mar-18,2018,Mar,1,,1,,,1,,Unknown
44699,US-Mexico Border,8-Mar-18,2018,Mar,1,,1,,,1,,Unknown (skeletal remains)
44673,US-Mexico Border,7-Mar-18,2018,Mar,1,,1,,,1,,Drowning
44649,Central America,5-Mar-18,2018,Mar,1,,1,,,1,,Hit by train
44647,US-Mexico Border,1-Mar-18,2018,Mar,1,,1,,,1,,Unknown
45735,US-Mexico Border,1-Mar-18,2018,Mar,1,,1,,,,,Drowning
44658,US-Mexico Border,28-Feb-18,2018,Feb,1,,1,,,,,Unknown
45762,US-Mexico Border,27-Feb-18,2018,Feb,1,,1,,,1,,Presumed drowning
44627,US-Mexico Border,27-Feb-18,2018,Feb,,3,3,,,,,Presumed drowning
44639,US-Mexico Border,27-Feb-18,2018,Feb,1,,1,,,1,,Unknown (skeletal remains)
44638,US-Mexico Border,27-Feb-18,2018,Feb,1,,1,,,1,,Unknown (skeletal remains)
44625,South America,26-Feb-18,2018,Feb,2,,2,,,2,2,Plane stowaway
44619,Central America,23-Feb-18,2018,Feb,1,,1,25,,1,,Shot
44620,US-Mexico Border,23-Feb-18,2018,Feb,1,,1,5,,1,,Hypothermia
44642,Central America,23-Feb-18,2018,Feb,1,,1,3,,1,,Shot
44601,Central America,21-Feb-18,2018,Feb,3,,3,2,1,2,,Vehicle Accident
44637,US-Mexico Border,20-Feb-18,2018,Feb,1,,1,,,1,,Unknown (skeletal remains)
44641,Central America,19-Feb-18,2018,Feb,1,,1,,,1,,Hit by train
44417,Central America,18-Feb-18,2018,Feb,1,,1,,,1,,Hit by train
44416,US-Mexico Border,18-Feb-18,2018,Feb,1,,1,,,1,,Drowning
44636,US-Mexico Border,17-Feb-18,2018,Feb,1,,1,,,1,,Unknown (skeletal remains)
44635,US-Mexico Border,17-Feb-18,2018,Feb,1,,1,,,1,,Unknown (skeletal remains)
44618,US-Mexico Border,16-Feb-18,2018,Feb,1,,1,,,1,,Unknown (skeletal remains)
44617,US-Mexico Border,15-Feb-18,2018,Feb,1,,1,,,1,,Unknown (skeletal remains)
44415,US-Mexico Border,15-Feb-18,2018,Feb,1,,1,,,1,,Unknown (skeletal remains)
44414,US-Mexico Border,14-Feb-18,2018,Feb,1,,1,,,1,,Fall into a canyon
44634,US-Mexico Border,14-Feb-18,2018,Feb,1,,1,,,1,,Unknown (skeletal remains)
44616,US-Mexico Border,14-Feb-18,2018,Feb,1,,1,,,,,Unknown (skeletal remains)
44410,US-Mexico Border,12-Feb-18,2018,Feb,1,,1,,,1,,Drowning
44402,US-Mexico Border,10-Feb-18,2018,Feb,1,,1,,,1,,Drowning
45734,US-Mexico Border,8-Feb-18,2018,Feb,1,,1,,,,,Drowning
44397,US-Mexico Border,5-Feb-18,2018,Feb,1,,1,,,1,,Drowning
44633,US-Mexico Border,5-Feb-18,2018,Feb,1,,1,,,1,,Unknown (skeletal remains)
45797,US-Mexico Border,5-Feb-18,2018,Feb,1,,1,,,,,Unknown (skeletal remains)
44396,US-Mexico Border,3-Feb-18,2018,Feb,1,,1,,,1,,Violence
44378,US-Mexico Border,31-Jan-18,2018,Jan,1,,1,,,1,,Drowning
44646,US-Mexico Border,31-Jan-18,2018,Jan,1,,1,,,1,,Unknown
44380,US-Mexico Border,31-Jan-18,2018,Jan,1,,1,,,1,,Drowning
44379,US-Mexico Border,31-Jan-18,2018,Jan,1,,1,,,1,,Drowning
44363,Central America,27-Jan-18,2018,Jan,1,,1,,,1,,Murdered
44114,US-Mexico Border,26-Jan-18,2018,Jan,1,,1,,,1,,Drowning
44115,Central America,25-Jan-18,2018,Jan,1,,1,33,,1,,Vehicle Accident
44112,Central America,24-Jan-18,2018,Jan,1,,1,,,1,,Hit by train
44632,US-Mexico Border,24-Jan-18,2018,Jan,1,,1,,,1,,Unknown (skeletal remains)
44108,US-Mexico Border,23-Jan-18,2018,Jan,1,,1,,1,,,Drowning
44621,Central America,22-Jan-18,2018,Jan,1,,1,,,1,,Hit by train
44104,US-Mexico Border,21-Jan-18,2018,Jan,5,,5,,,5,,Exposure
45796,US-Mexico Border,20-Jan-18,2018,Jan,1,,1,,,,,Unknown (skeletal remains)
44631,US-Mexico Border,19-Jan-18,2018,Jan,1,,1,,,1,,Unknown (skeletal remains)
44651,US-Mexico Border,19-Jan-18,2018,Jan,1,,1,,,1,,Exposure
44630,US-Mexico Border,17-Jan-18,2018,Jan,1,,1,,,1,,Unknown (skeletal remains)
44095,US-Mexico Border,15-Jan-18,2018,Jan,1,,1,,,,1,Hypothermia
44629,US-Mexico Border,14-Jan-18,2018,Jan,1,,1,,,1,,Unknown (skeletal remains)
44088,Caribbean,10-Jan-18,2018,Jan,5,13,18,,2,2,,Presumed drowning
44377,US-Mexico Border,4-Jan-18,2018,Jan,1,,1,,,1,,Unknown (skeletal remains)
44054,US-Mexico Border,3-Jan-18,2018,Jan,1,,1,,,1,,Drowning
44376,US-Mexico Border,2-Jan-18,2018,Jan,1,,1,,,1,,Unknown (skeletal remains)
44628,US-Mexico Border,2-Jan-18,2018,Jan,1,,1,,,1,,Unknown (skeletal remains)
44375,US-Mexico Border,2-Jan-18,2018,Jan,1,,1,,,,,Unknown
44083,South America,1-Jan-18,2018,Jan,4,,4,2,1,3,,Vehicle Accident
44372,US-Mexico Border,31-Dec-17,2017,Dec,1,,1,,,,,Unknown
44391,US-Mexico Border,31-Dec-17,2017,Dec,2,,2,,,,,Mixed
44689,Central America,31-Dec-17,2017,Dec,7,,7,,,,,Mixed
44393,US-Mexico Border,31-Dec-17,2017,Dec,4,,4,,,4,,Mixed
44598,Central America,31-Dec-17,2017,Dec,1,,1,,,1,,Hit by train
44392,US-Mexico Border,31-Dec-17,2017,Dec,1,,1,,,,,Vehicle Accident
44369,US-Mexico Border,31-Dec-17,2017,Dec,48,,48,,,,,Mixed
44370,US-Mexico Border,31-Dec-17,2017,Dec,3,,3,,,,,Mixed
44371,US-Mexico Border,31-Dec-17,2017,Dec,2,,2,,,,,Mixed
44373,US-Mexico Border,31-Dec-17,2017,Dec,2,,2,,,,,Mixed
44374,US-Mexico Border,31-Dec-17,2017,Dec,4,,4,,,,,Mixed
44064,US-Mexico Border,30-Dec-17,2017,Dec,1,,1,,,,,Unknown
44361,Central America,28-Dec-17,2017,Dec,1,,1,,,1,,Hit by train
44075,Central America,25-Dec-17,2017,Dec,1,,1,,,1,,Shot
44072,US-Mexico Border,23-Dec-17,2017,Dec,1,,1,,,,,Unknown (skeletal remains)
44073,US-Mexico Border,23-Dec-17,2017,Dec,1,,1,,,1,,Drowning
44053,Central America,19-Dec-17,2017,Dec,6,,6,,1,5,1,Vehicle Accident
44063,US-Mexico Border,18-Dec-17,2017,Dec,1,,1,,,1,,Unknown (skeletal remains)
44082,Central America,18-Dec-17,2017,Dec,1,,1,,,1,,Hit by train
44037,US-Mexico Border,14-Dec-17,2017,Dec,1,,1,,,,,Hypothermia
44025,US-Mexico Border,13-Dec-17,2017,Dec,7,,7,,2,8,,Hypothermia
44389,US-Mexico Border,9-Dec-17,2017,Dec,3,,3,,,3,,Hypothermia
44388,US-Mexico Border,9-Dec-17,2017,Dec,2,,2,,,2,,Hypothermia
44024,US-Mexico Border,9-Dec-17,2017,Dec,1,,1,,,1,,Hypothermia
44048,US-Mexico Border,9-Dec-17,2017,Dec,2,,2,,,,,Hypothermia
44023,US-Mexico Border,8-Dec-17,2017,Dec,1,,1,14,,1,,Hypothermia
44047,US-Mexico Border,8-Dec-17,2017,Dec,1,,1,,1,,,Hypothermia
44387,US-Mexico Border,7-Dec-17,2017,Dec,1,,1,,,1,,Hypothermia
44017,US-Mexico Border,7-Dec-17,2017,Dec,1,,1,14,,1,,Hypothermia
44021,US-Mexico Border,7-Dec-17,2017,Dec,1,,1,,,,,Unknown
44022,US-Mexico Border,7-Dec-17,2017,Dec,1,,1,,,1,,Hypothermia
44046,US-Mexico Border,7-Dec-17,2017,Dec,1,,1,,,1,,Presumed drowning
44098,Caribbean,6-Dec-17,2017,Dec,,12,12,,,2,,Presumed drowning
44061,US-Mexico Border,3-Dec-17,2017,Dec,1,,1,,,1,,Unknown (skeletal remains)
44062,US-Mexico Border,3-Dec-17,2017,Dec,1,,1,,,1,,Unknown (skeletal remains)
44687,Central America,3-Dec-17,2017,Dec,1,,1,,,1,,"Hit by train, Train Accident"
44014,US-Mexico Border,30-Nov-17,2017,Nov,1,,1,,,1,,Unknown (violence)
44005,US-Mexico Border,29-Nov-17,2017,Nov,1,,1,,,1,,Shot
44386,US-Mexico Border,29-Nov-17,2017,Nov,1,,1,,,1,,Unknown (skeletal remains)
44016,Central America,28-Nov-17,2017,Nov,1,,1,1,,1,1,Hit by train
44060,US-Mexico Border,28-Nov-17,2017,Nov,1,,1,,,1,,Unknown (skeletal remains)
44298,US-Mexico Border,27-Nov-17,2017,Nov,1,,1,,,1,,Unknown
44059,US-Mexico Border,24-Nov-17,2017,Nov,1,,1,,,1,,Unknown (skeletal remains)
43995,Caribbean,22-Nov-17,2017,Nov,3,,3,,2,1,1,Vehicle Accident
43985,US-Mexico Border,19-Nov-17,2017,Nov,1,4,5,,,1,,"Hyperthermia, Presumed drowning"
43989,US-Mexico Border,19-Nov-17,2017,Nov,1,,1,,,,,Drowning
44058,US-Mexico Border,17-Nov-17,2017,Nov,1,,1,,,1,,Unknown (skeletal remains)
44057,US-Mexico Border,16-Nov-17,2017,Nov,1,,1,,,1,,Unknown (skeletal remains)
44273,US-Mexico Border,15-Nov-17,2017,Nov,1,,1,,,1,,Unknown
43979,Central America,14-Nov-17,2017,Nov,2,,2,24,,2,1,Shot
43980,Central America,14-Nov-17,2017,Nov,1,,1,,,1,,Vehicle Accident
43977,Central America,13-Nov-17,2017,Nov,2,,2,,,2,,Murdered
43978,Central America,13-Nov-17,2017,Nov,1,,1,,,1,,Fall from train
43973,Central America,12-Nov-17,2017,Nov,2,,2,,,2,,Vehicle Accident
43975,US-Mexico Border,11-Nov-17,2017,Nov,1,,1,,,1,,Drowning
43968,US-Mexico Border,9-Nov-17,2017,Nov,1,,1,,,1,,Drowning
44056,US-Mexico Border,9-Nov-17,2017,Nov,1,,1,,,1,,Unknown (skeletal remains)
44252,US-Mexico Border,6-Nov-17,2017,Nov,1,,1,,1,,,Unknown
44253,US-Mexico Border,6-Nov-17,2017,Nov,1,,1,,,1,,Drowning
43967,US-Mexico Border,5-Nov-17,2017,Nov,1,,1,,,1,,Drowning
44055,US-Mexico Border,3-Nov-17,2017,Nov,1,,1,,,1,,Unknown (skeletal remains)
43920,US-Mexico Border,1-Nov-17,2017,Nov,1,,1,,,,,Unknown (skeletal remains)
43954,US-Mexico Border,30-Oct-17,2017,Oct,1,,1,,,1,,Unknown (skeletal remains)
44238,US-Mexico Border,27-Oct-17,2017,Oct,1,,1,,,1,,Drowning
43919,US-Mexico Border,24-Oct-17,2017,Oct,1,,1,,,,,Unknown (skeletal remains)
43907,US-Mexico Border,23-Oct-17,2017,Oct,8,,8,,,,,Unknown
43901,Caribbean,22-Oct-17,2017,Oct,1,,1,,,1,,Unknown
43902,Central America,22-Oct-17,2017,Oct,1,,1,,,1,,Hit by train
43896,US-Mexico Border,20-Oct-17,2017,Oct,1,,1,,,1,,Drowning
43955,US-Mexico Border,20-Oct-17,2017,Oct,1,,1,,,1,,Unknown (skeletal remains)
43957,US-Mexico Border,20-Oct-17,2017,Oct,1,,1,,,1,,Unknown (skeletal remains)
43959,US-Mexico Border,19-Oct-17,2017,Oct,1,,1,,,1,,Hyperthermia
43871,Central America,18-Oct-17,2017,Oct,1,,1,,,1,,Fall from train
43865,Caribbean,15-Oct-17,2017,Oct,,37,37,13,,,,Presumed drowning
43862,US-Mexico Border,11-Oct-17,2017,Oct,1,,1,,,1,,Drowning
43856,Central America,8-Oct-17,2017,Oct,1,,1,,,1,,Train Accident
43860,US-Mexico Border,8-Oct-17,2017,Oct,1,,1,,,1,,Drowning
43861,US-Mexico Border,8-Oct-17,2017,Oct,1,,1,,,1,,Hit by train
43961,US-Mexico Border,7-Oct-17,2017,Oct,1,,1,,,1,,Unknown (skeletal remains)
43849,Central America,4-Oct-17,2017,Oct,1,,1,,,1,,Train Accident
43854,US-Mexico Border,4-Oct-17,2017,Oct,1,,1,,1,,,Unknown
43960,US-Mexico Border,3-Oct-17,2017,Oct,1,,1,,,1,,Unknown (skeletal remains)
43853,US-Mexico Border,1-Oct-17,2017,Oct,1,,1,,,,,Unknown (skeletal remains)
43832,Central America,29-Sep-17,2017,Sep,1,,1,11,,1,,Shot
44178,US-Mexico Border,29-Sep-17,2017,Sep,1,,1,,,,,Unknown
43958,US-Mexico Border,25-Sep-17,2017,Sep,1,,1,,,1,,Unknown (skeletal remains)
43827,US-Mexico Border,24-Sep-17,2017,Sep,1,,1,,,1,,Drowning
43768,US-Mexico Border,22-Sep-17,2017,Sep,1,,1,,,1,,Dehydration
43769,US-Mexico Border,22-Sep-17,2017,Sep,1,,1,,,1,,Drowning
43765,Central America,21-Sep-17,2017,Sep,2,,2,,,2,,Hit by train
43766,US-Mexico Border,21-Sep-17,2017,Sep,1,,1,,,,,Drowning
43996,US-Mexico Border,21-Sep-17,2017,Sep,1,,1,,,1,,Drowning
43760,Caribbean,18-Sep-17,2017,Sep,9,7,16,8,,4,,Drowning
44158,US-Mexico Border,18-Sep-17,2017,Sep,1,,1,,,1,,Drowning
43692,US-Mexico Border,17-Sep-17,2017,Sep,2,,2,7,1,1,,Vehicle Accident
43845,US-Mexico Border,16-Sep-17,2017,Sep,1,,1,,,1,,Unknown (skeletal remains)
43956,US-Mexico Border,14-Sep-17,2017,Sep,1,,1,,,1,,Hypothermia
43689,US-Mexico Border,13-Sep-17,2017,Sep,1,,1,,,1,,Drowning
43843,US-Mexico Border,12-Sep-17,2017,Sep,1,,1,,,1,,Probable hyperthermia
43844,US-Mexico Border,12-Sep-17,2017,Sep,1,,1,,,1,,Unknown (skeletal remains)
43682,Central America,11-Sep-17,2017,Sep,1,,1,,,1,,Hit by train
43842,US-Mexico Border,11-Sep-17,2017,Sep,1,,1,,,1,,Unknown (skeletal remains)
43668,US-Mexico Border,9-Sep-17,2017,Sep,1,,1,,,1,,Dehydration
44142,US-Mexico Border,9-Sep-17,2017,Sep,1,,1,,,1,,Drowning
43679,US-Mexico Border,6-Sep-17,2017,Sep,1,,1,,,1,,Unknown (skeletal remains)
43840,US-Mexico Border,6-Sep-17,2017,Sep,1,,1,,,1,,Unknown (skeletal remains)
43841,US-Mexico Border,6-Sep-17,2017,Sep,1,,1,,,1,,Unknown (skeletal remains)
43852,US-Mexico Border,6-Sep-17,2017,Sep,1,,1,,,,,Unknown (skeletal remains)
43948,US-Mexico Border,6-Sep-17,2017,Sep,1,,1,,,,,Unknown (skeletal remains)
43839,US-Mexico Border,5-Sep-17,2017,Sep,1,,1,,,1,,Unknown (skeletal remains)
43657,Central America,4-Sep-17,2017,Sep,2,,2,,,2,,Fall from train
43838,US-Mexico Border,4-Sep-17,2017,Sep,1,,1,,,1,,Unknown (skeletal remains)
43656,US-Mexico Border,2-Sep-17,2017,Sep,1,,1,,1,,,Exposure
43837,US-Mexico Border,2-Sep-17,2017,Sep,1,,1,,,1,,Unknown (skeletal remains)
42399,Central America,1-Sep-17,2017,Sep,1,,1,,,1,,Hit by train
42400,Central America,1-Sep-17,2017,Sep,2,,2,29,,2,1,Drowning
43833,Central America,1-Sep-17,2017,Sep,1,,1,,,1,,Fall from train
43950,US-Mexico Border,31-Aug-17,2017,Aug,1,,1,,,1,,Unknown (skeletal remains)
44592,US-Mexico Border,31-Aug-17,2017,Aug,1,,1,,,1,,Presumed drowning
44136,US-Mexico Border,30-Aug-17,2017,Aug,1,,1,,,1,,Unknown
42395,US-Mexico Border,29-Aug-17,2017,Aug,1,,1,,,1,,Drowning
43667,US-Mexico Border,28-Aug-17,2017,Aug,1,,1,,,1,,Probable hyperthermia
43666,US-Mexico Border,27-Aug-17,2017,Aug,1,,1,,,1,,Probable hyperthermia
42388,Central America,26-Aug-17,2017,Aug,1,,1,,,1,,Fall from train
43851,US-Mexico Border,25-Aug-17,2017,Aug,1,,1,,,1,,Vehicle Accident
43966,US-Mexico Border,25-Aug-17,2017,Aug,1,,1,,,1,,Murdered
42387,US-Mexico Border,24-Aug-17,2017,Aug,,2,2,14,,,,Presumed drowning
43952,US-Mexico Border,22-Aug-17,2017,Aug,1,,1,,,1,,Unknown (skeletal remains)
43953,US-Mexico Border,22-Aug-17,2017,Aug,1,,1,,,1,,Unknown
43665,US-Mexico Border,20-Aug-17,2017,Aug,1,,1,,,1,,Probable hyperthermia
42382,Central America,18-Aug-17,2017,Aug,1,,1,3,1,,,Vehicle Accident
43664,US-Mexico Border,18-Aug-17,2017,Aug,1,,1,,,1,,Unknown (skeletal remains)
38437,Central America,17-Aug-17,2017,Aug,1,,1,,,1,,Drowning
43663,US-Mexico Border,16-Aug-17,2017,Aug,1,,1,,,1,,Unknown (skeletal remains)
43662,US-Mexico Border,15-Aug-17,2017,Aug,1,,1,,,1,,Unknown (skeletal remains)
35492,US-Mexico Border,13-Aug-17,2017,Aug,1,,1,,,1,,Drowning
35486,US-Mexico Border,12-Aug-17,2017,Aug,1,,1,,,1,,Drowning
43661,US-Mexico Border,12-Aug-17,2017,Aug,1,,1,,,1,,Unknown (skeletal remains)
43660,US-Mexico Border,11-Aug-17,2017,Aug,1,,1,,,1,,Unknown (skeletal remains)
42381,US-Mexico Border,10-Aug-17,2017,Aug,1,,1,,,1,,Unknown
42393,US-Mexico Border,10-Aug-17,2017,Aug,2,,2,,1,1,,Vehicle Accident
43951,US-Mexico Border,10-Aug-17,2017,Aug,1,,1,,,1,,Unknown
42380,US-Mexico Border,7-Aug-17,2017,Aug,1,,1,,,1,,Dehydration
43659,US-Mexico Border,7-Aug-17,2017,Aug,1,,1,,,1,,Unknown
43949,US-Mexico Border,6-Aug-17,2017,Aug,1,,1,,,1,,Unknown
35474,Central America,4-Aug-17,2017,Aug,1,,1,,,1,,Crushed by stones (train)
35472,US-Mexico Border,3-Aug-17,2017,Aug,1,,1,,,1,,Drowning
35469,US-Mexico Border,2-Aug-17,2017,Aug,1,2,3,,,1,1,Drowning
43658,US-Mexico Border,2-Aug-17,2017,Aug,1,,1,,,1,,Probable hyperthermia
35468,Central America,1-Aug-17,2017,Aug,1,3,4,,,,,Presumed drowning
35470,US-Mexico Border,1-Aug-17,2017,Aug,1,,1,,,1,,Dehydration
35463,US-Mexico Border,30-Jul-17,2017,Jul,1,,1,,,1,,Unknown
35461,US-Mexico Border,28-Jul-17,2017,Jul,1,,1,,,,,Unknown
35442,US-Mexico Border,27-Jul-17,2017,Jul,1,,1,,,1,,Drowning
35465,Central America,27-Jul-17,2017,Jul,1,,1,,,1,,Hit by train
42379,Central America,27-Jul-17,2017,Jul,1,,1,,,1,,Fall from train
35459,US-Mexico Border,26-Jul-17,2017,Jul,1,,1,,,1,,Unknown
35460,US-Mexico Border,26-Jul-17,2017,Jul,1,,1,,,1,,Unknown (skeletal remains)
35438,Central America,25-Jul-17,2017,Jul,1,,1,,,1,,Hit by train
35440,US-Mexico Border,25-Jul-17,2017,Jul,1,,1,,,1,,Drowning
35433,US-Mexico Border,24-Jul-17,2017,Jul,4,,4,,3,1,2,Drowning
35434,US-Mexico Border,24-Jul-17,2017,Jul,1,,1,,,1,,Drowning
35464,Central America,24-Jul-17,2017,Jul,1,,1,,,1,1,Stabbed
44390,US-Mexico Border,23-Jul-17,2017,Jul,10,,10,29,,10,,Presumed hyperthermia
35458,US-Mexico Border,23-Jul-17,2017,Jul,1,,1,,,1,,Unknown (skeletal remains)
35428,US-Mexico Border,21-Jul-17,2017,Jul,1,,1,,,1,,Drowning
35457,US-Mexico Border,21-Jul-17,2017,Jul,1,,1,,,1,,Unknown (skeletal remains)
35427,US-Mexico Border,20-Jul-17,2017,Jul,1,,1,,,,,Unknown
30170,US-Mexico Border,18-Jul-17,2017,Jul,1,,1,,,1,,Drowning
30171,Central America,18-Jul-17,2017,Jul,1,,1,,,1,,Fall from train
30172,US-Mexico Border,18-Jul-17,2017,Jul,1,,1,,,1,,Drowning
30168,US-Mexico Border,17-Jul-17,2017,Jul,1,,1,,,1,,Drowning
30169,US-Mexico Border,17-Jul-17,2017,Jul,1,,1,,,1,,Fall from train
35456,US-Mexico Border,17-Jul-17,2017,Jul,1,,1,,,1,,Unknown (skeletal remains)
30166,Caribbean,15-Jul-17,2017,Jul,5,1,6,,1,3,1,Drowning
44049,US-Mexico Border,15-Jul-17,2017,Jul,1,,1,,,1,,Unknown (skeletal remains)
43947,US-Mexico Border,14-Jul-17,2017,Jul,1,,1,,,1,,Unknown (skeletal remains)
35455,US-Mexico Border,11-Jul-17,2017,Jul,1,,1,,,1,,Probable hyperthermia
31131,US-Mexico Border,10-Jul-17,2017,Jul,1,,1,,,1,,Dehydration
35453,US-Mexico Border,9-Jul-17,2017,Jul,1,,1,,,1,,Unknown (skeletal remains)
35454,US-Mexico Border,9-Jul-17,2017,Jul,1,,1,,,1,,Unknown (skeletal remains)
31125,US-Mexico Border,6-Jul-17,2017,Jul,1,,1,,,1,,Drowning
43943,US-Mexico Border,6-Jul-17,2017,Jul,1,,1,,,1,,Unknown
31124,Central America,5-Jul-17,2017,Jul,1,,1,,,1,,Drowning
35450,US-Mexico Border,5-Jul-17,2017,Jul,1,,1,,,1,,Unknown (skeletal remains)
35451,US-Mexico Border,5-Jul-17,2017,Jul,1,,1,,,1,,Unknown (skeletal remains)
35452,US-Mexico Border,5-Jul-17,2017,Jul,1,,1,,,1,,Hyperthermia
31122,Central America,4-Jul-17,2017,Jul,1,,1,,,1,,Fall from train
31119,US-Mexico Border,2-Jul-17,2017,Jul,1,,1,1,,1,,Unknown
35449,US-Mexico Border,2-Jul-17,2017,Jul,1,,1,,,1,,Unknown (skeletal remains)
31116,US-Mexico Border,30-Jun-17,2017,Jun,1,,1,,,1,,Unknown
35447,US-Mexico Border,30-Jun-17,2017,Jun,1,,1,,,1,,Unknown (skeletal remains)
31111,Caribbean,29-Jun-17,2017,Jun,1,,1,5,,1,,Unknown
31112,Central America,29-Jun-17,2017,Jun,1,,1,7,,,,Vehicle Accident
31113,US-Mexico Border,29-Jun-17,2017,Jun,1,,1,,,1,,Drowning
43940,US-Mexico Border,29-Jun-17,2017,Jun,1,,1,,1,,,Unknown
30624,US-Mexico Border,28-Jun-17,2017,Jun,1,,1,,,1,,Hyperthermia
31102,US-Mexico Border,28-Jun-17,2017,Jun,1,,1,,,,,Unknown (skeletal remains)
31107,US-Mexico Border,28-Jun-17,2017,Jun,1,,1,,,1,,Drowning
31108,US-Mexico Border,28-Jun-17,2017,Jun,1,,1,,,1,,Drowning
31099,US-Mexico Border,27-Jun-17,2017,Jun,1,,1,,,1,,Unknown
31100,US-Mexico Border,27-Jun-17,2017,Jun,1,,1,,,1,,Unknown
31094,US-Mexico Border,26-Jun-17,2017,Jun,2,,2,,1,1,1,Drowning
31095,US-Mexico Border,26-Jun-17,2017,Jun,1,,1,,,1,,Hyperthermia
31096,US-Mexico Border,26-Jun-17,2017,Jun,1,,1,,,1,,Hyperthermia
31090,US-Mexico Border,25-Jun-17,2017,Jun,1,,1,,1,,,Unknown
31091,US-Mexico Border,23-Jun-17,2017,Jun,1,,1,,1,,,Exposure
31082,Central America,21-Jun-17,2017,Jun,1,,1,,,1,,Train Accident
31078,US-Mexico Border,20-Jun-17,2017,Jun,1,,1,,,1,,Dehydration
31079,US-Mexico Border,20-Jun-17,2017,Jun,1,,1,,,,,Exposure
31080,US-Mexico Border,20-Jun-17,2017,Jun,1,,1,,1,,,"Exposure, Dehydration"
31081,US-Mexico Border,20-Jun-17,2017,Jun,1,,1,,,1,,Sickness and lack of access to medicines
31073,US-Mexico Border,18-Jun-17,2017,Jun,1,,1,,1,,,Unknown
44135,US-Mexico Border,18-Jun-17,2017,Jun,1,,1,,1,,1,Drowning
31063,US-Mexico Border,17-Jun-17,2017,Jun,1,,1,,,1,,Unknown (skeletal remains)
31064,US-Mexico Border,17-Jun-17,2017,Jun,1,,1,,,1,,Unknown (skeletal remains)
31065,US-Mexico Border,17-Jun-17,2017,Jun,1,,1,,,1,,Unknown (skeletal remains)
31066,US-Mexico Border,17-Jun-17,2017,Jun,1,,1,,,1,,Unknown (skeletal remains)
31067,US-Mexico Border,17-Jun-17,2017,Jun,1,,1,,,1,,Unknown (skeletal remains)
31068,US-Mexico Border,17-Jun-17,2017,Jun,1,,1,,,1,,Unknown (skeletal remains)
31069,US-Mexico Border,17-Jun-17,2017,Jun,1,,1,,,1,,Unknown (skeletal remains)
31054,US-Mexico Border,16-Jun-17,2017,Jun,1,,1,,,1,,Unknown
31055,US-Mexico Border,16-Jun-17,2017,Jun,1,,1,,,1,,Unknown
31053,US-Mexico Border,15-Jun-17,2017,Jun,1,,1,,,1,,Unknown (skeletal remains)
31046,US-Mexico Border,14-Jun-17,2017,Jun,1,,1,,,1,,Drowning
31045,US-Mexico Border,13-Jun-17,2017,Jun,1,,1,,,1,,Unknown
31040,US-Mexico Border,12-Jun-17,2017,Jun,1,,1,,,1,,Hyperthermia
31041,US-Mexico Border,12-Jun-17,2017,Jun,1,,1,,,1,,Unknown (skeletal remains)
44134,US-Mexico Border,12-Jun-17,2017,Jun,1,,1,,,1,,Drowning
31039,US-Mexico Border,10-Jun-17,2017,Jun,1,,1,,,1,,Drowning
31028,US-Mexico Border,8-Jun-17,2017,Jun,1,,1,,,1,,Hyperthermia
31027,US-Mexico Border,7-Jun-17,2017,Jun,1,,1,,,1,,Hanging
31026,US-Mexico Border,6-Jun-17,2017,Jun,1,,1,,,1,,Unknown (skeletal remains)
31019,Central America,1-Jun-17,2017,Jun,1,,1,,,1,,Unknown
31013,US-Mexico Border,31-May-17,2017,May,1,,1,,,1,,Unknown (skeletal remains)
31014,US-Mexico Border,31-May-17,2017,May,1,,1,,,1,,Unknown (skeletal remains)
31016,US-Mexico Border,31-May-17,2017,May,1,,1,,,1,,Unknown (skeletal remains)
31010,US-Mexico Border,30-May-17,2017,May,1,,1,,,1,,Drowning
31011,US-Mexico Border,30-May-17,2017,May,1,,1,,,1,,Drowning
31006,Central America,29-May-17,2017,May,1,,1,,,1,,Train Accident
31008,US-Mexico Border,29-May-17,2017,May,1,,1,,,1,,Unknown (skeletal remains)
31009,US-Mexico Border,29-May-17,2017,May,1,,1,,,1,,Dehydration
31001,US-Mexico Border,27-May-17,2017,May,1,,1,,,1,,Unknown (skeletal remains)
31002,US-Mexico Border,27-May-17,2017,May,1,,1,,,1,,Unknown (skeletal remains)
31004,Central America,27-May-17,2017,May,1,,1,,,1,,Fall from train
30995,US-Mexico Border,26-May-17,2017,May,1,,1,,,1,,Train Accident
30996,North America,26-May-17,2017,May,1,,1,,1,,,Hypothermia
30989,US-Mexico Border,25-May-17,2017,May,1,,1,10,,,,Dehydration
30990,US-Mexico Border,25-May-17,2017,May,1,,1,,,1,,Hyperthermia
43938,US-Mexico Border,25-May-17,2017,May,1,,1,,,,,Unknown (skeletal remains)
44133,US-Mexico Border,22-May-17,2017,May,1,,1,,,1,,Drowning
44385,US-Mexico Border,22-May-17,2017,May,1,,1,,,1,,Hyperthermia
30984,US-Mexico Border,21-May-17,2017,May,1,,1,,,,,Drowning
30977,US-Mexico Border,19-May-17,2017,May,1,,1,,,1,,Unknown (skeletal remains)
30968,US-Mexico Border,15-May-17,2017,May,1,,1,,,1,,Unknown (skeletal remains)
30967,US-Mexico Border,14-May-17,2017,May,1,,1,,,1,,Drowning
30962,Central America,13-May-17,2017,May,1,,1,,,1,,Fall from train
30963,US-Mexico Border,13-May-17,2017,May,1,,1,,,1,,Unknown (skeletal remains)
30964,US-Mexico Border,13-May-17,2017,May,1,,1,,,1,,Unknown (skeletal remains)
30965,Caribbean,13-May-17,2017,May,1,,1,,,1,,Drowning
30959,US-Mexico Border,7-May-17,2017,May,1,,1,,,1,,Drowning
30952,US-Mexico Border,6-May-17,2017,May,1,,1,,,1,,Unknown (skeletal remains)
30953,US-Mexico Border,6-May-17,2017,May,1,,1,,,1,,Drowning
30955,Central America,6-May-17,2017,May,1,,1,3,,1,,Drowning
35484,Central America,6-May-17,2017,May,1,,1,,,1,,Hit by train
30951,US-Mexico Border,5-May-17,2017,May,1,,1,,,1,,Drowning
30950,Central America,4-May-17,2017,May,2,,2,7,,2,,Vehicle Accident
30947,US-Mexico Border,3-May-17,2017,May,1,,1,,,1,,Unknown (skeletal remains)
44006,Central America,3-May-17,2017,May,1,,1,,,1,,Train Accident
30944,US-Mexico Border,2-May-17,2017,May,1,,1,,,1,,Drowning
30945,US-Mexico Border,2-May-17,2017,May,1,,1,,,1,,Drowning
30940,Central America,28-Apr-17,2017,Apr,1,,1,,1,,,Train Accident
30939,Caribbean,27-Apr-17,2017,Apr,,8,8,,,,,Drowning
30935,US-Mexico Border,26-Apr-17,2017,Apr,1,,1,,,1,,Unknown (skeletal remains)
30933,US-Mexico Border,24-Apr-17,2017,Apr,1,,1,,,1,,Unknown (skeletal remains)
30929,US-Mexico Border,21-Apr-17,2017,Apr,1,,1,,,1,,Unknown (skeletal remains)
30925,US-Mexico Border,20-Apr-17,2017,Apr,1,,1,,,1,,Drowning
30926,US-Mexico Border,20-Apr-17,2017,Apr,1,,1,,,1,,Drowning
44132,US-Mexico Border,20-Apr-17,2017,Apr,1,,1,,,1,,Drowning
30924,US-Mexico Border,19-Apr-17,2017,Apr,1,,1,,,1,,Drowning
30916,US-Mexico Border,17-Apr-17,2017,Apr,1,,1,,,1,,Unknown (skeletal remains)
43936,US-Mexico Border,17-Apr-17,2017,Apr,1,,1,,,,,Unknown (skeletal remains)
44131,US-Mexico Border,15-Apr-17,2017,Apr,1,,1,,,1,,Unknown
44130,US-Mexico Border,14-Apr-17,2017,Apr,1,,1,,,1,,Unknown
30908,US-Mexico Border,11-Apr-17,2017,Apr,1,,1,,,1,,Drowning
30906,Central America,10-Apr-17,2017,Apr,1,,1,,,1,,Vehicle Accident
43934,US-Mexico Border,7-Apr-17,2017,Apr,1,,1,,,,,Unknown (skeletal remains)
30903,Central America,5-Apr-17,2017,Apr,1,,1,,,1,,Train Accident
43918,Central America,5-Apr-17,2017,Apr,1,,1,,,1,,Fall from train
35425,Central America,4-Apr-17,2017,Apr,1,,1,,,1,,Drowning
30900,US-Mexico Border,2-Apr-17,2017,Apr,1,,1,,,1,,Drowning
30889,US-Mexico Border,25-Mar-17,2017,Mar,1,,1,,,1,,Drowning
30886,Central America,24-Mar-17,2017,Mar,1,,1,,,,,Unknown
30887,US-Mexico Border,24-Mar-17,2017,Mar,1,,1,,,1,,Unknown (skeletal remains)
30882,Central America,23-Mar-17,2017,Mar,1,,1,1,,1,,Shot
30876,US-Mexico Border,21-Mar-17,2017,Mar,1,,1,,,1,,Unknown (skeletal remains)
30873,Central America,20-Mar-17,2017,Mar,1,,1,,,1,,Shot
30874,Central America,20-Mar-17,2017,Mar,2,,2,,,2,,Murdered
30869,Central America,19-Mar-17,2017,Mar,1,,1,8,,,1,Vehicle Accident
30867,Central America,17-Mar-17,2017,Mar,1,,1,,,1,,Excessive Physical Abuse
43931,US-Mexico Border,16-Mar-17,2017,Mar,1,,1,,,,,Unknown (skeletal remains)
30864,Central America,15-Mar-17,2017,Mar,1,,1,,,1,,Train Accident
30865,US-Mexico Border,15-Mar-17,2017,Mar,1,,1,,,1,,Unknown (skeletal remains)
30863,US-Mexico Border,13-Mar-17,2017,Mar,2,,2,,,2,,Drowning
30860,US-Mexico Border,10-Mar-17,2017,Mar,1,,1,,,1,,Unknown (skeletal remains)
30861,US-Mexico Border,10-Mar-17,2017,Mar,1,,1,,,1,,Unknown (skeletal remains)
30856,Central America,7-Mar-17,2017,Mar,1,,1,,,1,,Vehicle Accident
30857,US-Mexico Border,7-Mar-17,2017,Mar,1,,1,,,1,,Unknown (skeletal remains)
30855,US-Mexico Border,6-Mar-17,2017,Mar,1,,1,,,1,,Drowning
43929,US-Mexico Border,1-Mar-17,2017,Mar,1,,1,,,,,Unknown (skeletal remains)
30845,US-Mexico Border,28-Feb-17,2017,Feb,1,,1,,,1,,Drowning
30846,US-Mexico Border,28-Feb-17,2017,Feb,1,,1,,,1,,Unknown (skeletal remains)
43946,US-Mexico Border,27-Feb-17,2017,Feb,1,,1,,,,,Unknown (skeletal remains)
30839,US-Mexico Border,25-Feb-17,2017,Feb,1,,1,,,1,,Unknown (skeletal remains)
30837,Central America,24-Feb-17,2017,Feb,1,,1,,,1,,Vehicle Accident
30838,US-Mexico Border,24-Feb-17,2017,Feb,1,,1,,,1,,Fall from behicle
30834,US-Mexico Border,23-Feb-17,2017,Feb,1,,1,,,1,,Drowning
30835,US-Mexico Border,23-Feb-17,2017,Feb,2,,2,1,,,,Vehicle Accident
30827,US-Mexico Border,22-Feb-17,2017,Feb,1,,1,,,1,,Unknown (skeletal remains)
30828,Central America,22-Feb-17,2017,Feb,1,,1,,,1,,Train Accident
30826,Caribbean,21-Feb-17,2017,Feb,4,8,12,3,7,1,1,Drowning
30824,US-Mexico Border,20-Feb-17,2017,Feb,1,,1,,,1,,Unknown (skeletal remains)
30825,US-Mexico Border,20-Feb-17,2017,Feb,1,,1,,,1,,Unknown (skeletal remains)
43945,US-Mexico Border,19-Feb-17,2017,Feb,1,,1,,,,,Unknown (skeletal remains)
30816,Central America,18-Feb-17,2017,Feb,2,,2,,,2,,Fall from train
30818,US-Mexico Border,18-Feb-17,2017,Feb,1,,1,,,1,,Unknown (skeletal remains)
30810,US-Mexico Border,17-Feb-17,2017,Feb,1,,1,,,1,,Unknown (skeletal remains)
30811,US-Mexico Border,17-Feb-17,2017,Feb,1,,1,,,,,Unknown (skeletal remains)
30806,US-Mexico Border,15-Feb-17,2017,Feb,1,,1,,,,,Unknown (skeletal remains)
30807,Central America,15-Feb-17,2017,Feb,1,,1,,,1,,Drowning
30805,US-Mexico Border,14-Feb-17,2017,Feb,1,,1,,,,,Unknown (skeletal remains)
30799,US-Mexico Border,13-Feb-17,2017,Feb,1,,1,,1,,,Unknown (skeletal remains)
30800,Central America,13-Feb-17,2017,Feb,1,,1,,,1,,Vehicle Accident
43944,US-Mexico Border,12-Feb-17,2017,Feb,1,,1,,,,,Unknown (skeletal remains)
30795,US-Mexico Border,11-Feb-17,2017,Feb,1,,1,,,1,,Unknown (skeletal remains)
30790,US-Mexico Border,10-Feb-17,2017,Feb,1,,1,,,1,,Unknown (skeletal remains)
30791,US-Mexico Border,10-Feb-17,2017,Feb,1,,1,,,,,Unknown (skeletal remains)
30792,US-Mexico Border,10-Feb-17,2017,Feb,1,,1,,,,,Unknown (skeletal remains)
43942,US-Mexico Border,10-Feb-17,2017,Feb,1,,1,,,,,Unknown (skeletal remains)
30787,US-Mexico Border,9-Feb-17,2017,Feb,1,,1,,,1,,Unknown (skeletal remains)
30788,US-Mexico Border,9-Feb-17,2017,Feb,1,,1,,,1,,Drowning
30784,US-Mexico Border,8-Feb-17,2017,Feb,1,,1,,,1,,Unknown (skeletal remains)
30781,Central America,6-Feb-17,2017,Feb,1,,1,,,1,,Train Accident
43939,US-Mexico Border,6-Feb-17,2017,Feb,1,,1,,,,,Unknown (skeletal remains)
43941,US-Mexico Border,6-Feb-17,2017,Feb,1,,1,,,,,Unknown (skeletal remains)
30777,US-Mexico Border,5-Feb-17,2017,Feb,1,,1,,,1,,Drowning
30778,US-Mexico Border,5-Feb-17,2017,Feb,1,,1,,,1,,Drowning
44007,Central America,5-Feb-17,2017,Feb,1,,1,,,1,,Train Accident
30776,Central America,4-Feb-17,2017,Feb,1,,1,,,1,,Fall from train
30768,US-Mexico Border,1-Feb-17,2017,Feb,1,,1,,,1,,Drowning
30769,US-Mexico Border,1-Feb-17,2017,Feb,1,,1,,,1,,Drowning
30771,Central America,1-Feb-17,2017,Feb,1,,1,,,1,,Train Accident
43937,US-Mexico Border,1-Feb-17,2017,Feb,1,,1,,,1,,Unknown (skeletal remains)
30767,US-Mexico Border,31-Jan-17,2017,Jan,1,,1,,,1,,Drowning
38438,US-Mexico Border,31-Jan-17,2017,Jan,1,,1,,,1,,Drowning
30764,US-Mexico Border,30-Jan-17,2017,Jan,1,,1,,,1,,Unknown (skeletal remains)
30765,US-Mexico Border,30-Jan-17,2017,Jan,1,,1,,,1,,Drowning
30766,US-Mexico Border,30-Jan-17,2017,Jan,1,,1,,,1,,Drowning
30760,US-Mexico Border,29-Jan-17,2017,Jan,1,,1,,,,,Unknown (skeletal remains)
30755,US-Mexico Border,27-Jan-17,2017,Jan,1,,1,,,1,,Unknown (skeletal remains)
43935,US-Mexico Border,27-Jan-17,2017,Jan,1,,1,,,,,Unknown (skeletal remains)
30754,US-Mexico Border,26-Jan-17,2017,Jan,1,,1,,,,,Drowning
43900,Caribbean,26-Jan-17,2017,Jan,2,,2,,,2,,Drowning
44129,US-Mexico Border,26-Jan-17,2017,Jan,1,,1,,,1,,Drowning
44128,US-Mexico Border,25-Jan-17,2017,Jan,1,,1,,,1,,Drowning
30751,Caribbean,24-Jan-17,2017,Jan,17,51,68,1,8,4,,Drowning
30753,US-Mexico Border,24-Jan-17,2017,Jan,1,,1,,,1,,Drowning
44127,US-Mexico Border,24-Jan-17,2017,Jan,1,,1,,,1,,Drowning
30744,US-Mexico Border,23-Jan-17,2017,Jan,1,,1,,,1,,Drowning
30745,US-Mexico Border,23-Jan-17,2017,Jan,1,,1,,,1,,Unknown (skeletal remains)
44013,US-Mexico Border,21-Jan-17,2017,Jan,,1,1,,,1,,Presumed drowning
43933,US-Mexico Border,19-Jan-17,2017,Jan,1,,1,,,,,Unknown
30718,US-Mexico Border,18-Jan-17,2017,Jan,1,,1,,,1,,Drowning
30720,US-Mexico Border,18-Jan-17,2017,Jan,1,,1,,,1,,Unknown (skeletal remains)
30721,US-Mexico Border,18-Jan-17,2017,Jan,1,,1,,,1,,Unknown (skeletal remains)
43932,US-Mexico Border,18-Jan-17,2017,Jan,1,,1,,,,,Unknown
30715,Central America,17-Jan-17,2017,Jan,1,,1,,1,,,"Rape, Murdered"
30716,US-Mexico Border,17-Jan-17,2017,Jan,1,,1,2,,,,Drowning
43930,US-Mexico Border,17-Jan-17,2017,Jan,1,,1,,,,,Unknown
30709,US-Mexico Border,16-Jan-17,2017,Jan,1,,1,,,1,,Drowning
30708,US-Mexico Border,15-Jan-17,2017,Jan,1,,1,,,1,,Unknown (skeletal remains)
30687,US-Mexico Border,13-Jan-17,2017,Jan,1,,1,2,,1,,Shot
30688,US-Mexico Border,13-Jan-17,2017,Jan,1,,1,,,1,,Drowning
30689,US-Mexico Border,13-Jan-17,2017,Jan,1,,1,,,1,,Drowning
30685,Central America,12-Jan-17,2017,Jan,1,,1,5,,1,,Fall from train
30682,US-Mexico Border,11-Jan-17,2017,Jan,1,,1,,1,,,Unknown (skeletal remains)
30683,US-Mexico Border,11-Jan-17,2017,Jan,1,,1,,,,,Unknown
30678,US-Mexico Border,10-Jan-17,2017,Jan,1,,1,,1,,,Unknown (skeletal remains)
30676,US-Mexico Border,9-Jan-17,2017,Jan,1,,1,,1,,,Unknown (skeletal remains)
30677,US-Mexico Border,9-Jan-17,2017,Jan,1,,1,,,1,,Unknown (skeletal remains)
30675,US-Mexico Border,8-Jan-17,2017,Jan,1,,1,,,,,Unknown (skeletal remains)
30670,US-Mexico Border,7-Jan-17,2017,Jan,1,,1,,,1,,Unknown (skeletal remains)
30671,US-Mexico Border,7-Jan-17,2017,Jan,1,,1,,,1,,Unknown (skeletal remains)
30672,US-Mexico Border,7-Jan-17,2017,Jan,1,,1,,,1,,Unknown (skeletal remains)
30668,US-Mexico Border,5-Jan-17,2017,Jan,1,,1,,,1,,Unknown (skeletal remains)
30666,US-Mexico Border,4-Jan-17,2017,Jan,1,,1,,,1,,Unknown (skeletal remains)
30660,US-Mexico Border,3-Jan-17,2017,Jan,1,,1,,,1,,Unknown (skeletal remains)
30662,US-Mexico Border,3-Jan-17,2017,Jan,1,,1,,,1,,Unknown (skeletal remains)
30657,US-Mexico Border,2-Jan-17,2017,Jan,1,,1,,,1,,Unknown (skeletal remains)
30705,Caribbean,1-Jan-17,2017,Jan,1,,1,,1,,,Unknown
42442,US-Mexico Border,31-Dec-16,2016,Dec,18,,18,,,,,Mixed
43654,US-Mexico Border,31-Dec-16,2016,Dec,18,,18,,,,,Mixed
43653,US-Mexico Border,30-Dec-16,2016,Dec,1,,1,,,1,,Unknown
42797,US-Mexico Border,28-Dec-16,2016,Dec,1,,1,,,1,,Drowning
42794,Central America,26-Dec-16,2016,Dec,12,,12,,,,,Mixed
42795,Central America,25-Dec-16,2016,Dec,1,,1,42,1,,1,Vehicle Accident
43650,US-Mexico Border,25-Dec-16,2016,Dec,1,,1,,,1,,Hypothermia
43649,US-Mexico Border,22-Dec-16,2016,Dec,1,,1,,,1,,Unknown (skeletal remains)
42778,US-Mexico Border,21-Dec-16,2016,Dec,1,,1,,,,,Unknown (skeletal remains)
43646,US-Mexico Border,21-Dec-16,2016,Dec,1,,1,,,,,Unknown (skeletal remains)
43643,US-Mexico Border,20-Dec-16,2016,Dec,1,,1,,1,,,Unknown (skeletal remains)
43644,US-Mexico Border,20-Dec-16,2016,Dec,1,,1,,,1,,Unknown (skeletal remains)
43645,US-Mexico Border,20-Dec-16,2016,Dec,1,,1,,,1,,Unknown (skeletal remains)
43630,US-Mexico Border,19-Dec-16,2016,Dec,1,,1,,,1,,Unknown (decomposed remains)
43631,US-Mexico Border,19-Dec-16,2016,Dec,1,,1,,,1,,Unknown (skeletal remains)
42809,Caribbean,17-Dec-16,2016,Dec,1,,1,,,,,Unknown
43611,US-Mexico Border,16-Dec-16,2016,Dec,1,,1,,,1,,Unknown (skeletal remains)
43612,US-Mexico Border,16-Dec-16,2016,Dec,1,,1,,,1,,Unknown (skeletal remains)
42789,Central America,14-Dec-16,2016,Dec,2,,2,8,,2,,Vehicle Accident
43603,US-Mexico Border,14-Dec-16,2016,Dec,1,,1,,,1,,Unknown (skeletal remains)
43604,US-Mexico Border,14-Dec-16,2016,Dec,1,,1,,,1,,Unknown (skeletal remains)
42768,Central America,10-Dec-16,2016,Dec,1,,1,,,,,Drowning
42784,Central America,8-Dec-16,2016,Dec,1,,1,3,,,1,Asphyxiation
43591,US-Mexico Border,8-Dec-16,2016,Dec,1,,1,,,1,,Unknown (skeletal remains)
42790,Central America,7-Dec-16,2016,Dec,1,,1,,,1,,Hit by train
43590,US-Mexico Border,7-Dec-16,2016,Dec,1,,1,,,1,,Unknown (skeletal remains)
42786,Central America,30-Nov-16,2016,Nov,1,,1,,,1,,Cardiac arrest
43530,Central America,30-Nov-16,2016,Nov,1,,1,,,1,,Cardiac arrest
42780,Central America,29-Nov-16,2016,Nov,1,,1,,,1,,Fall from train
43587,US-Mexico Border,29-Nov-16,2016,Nov,1,,1,,1,,,Unknown (skeletal remains)
43584,US-Mexico Border,27-Nov-16,2016,Nov,1,,1,,,1,,Hypothermia
42820,Central America,24-Nov-16,2016,Nov,1,,1,,,1,,Unknown
43582,US-Mexico Border,23-Nov-16,2016,Nov,1,,1,,,1,,Unknown (skeletal remains)
43583,US-Mexico Border,23-Nov-16,2016,Nov,1,,1,,,1,,Unknown (skeletal remains)
42759,US-Mexico Border,21-Nov-16,2016,Nov,1,,1,,,1,,Presumed drowning
42854,South America,19-Nov-16,2016,Nov,1,,1,,1,,,Presumed hypothermia
42883,US-Mexico Border,18-Nov-16,2016,Nov,5,,5,,,,,Mixed
42772,Central America,17-Nov-16,2016,Nov,1,,1,,,,,Fall from train
43557,US-Mexico Border,17-Nov-16,2016,Nov,1,,1,,,1,,Unknown (skeletal remains)
43549,US-Mexico Border,16-Nov-16,2016,Nov,1,,1,,,1,,Unknown (skeletal remains)
43550,US-Mexico Border,16-Nov-16,2016,Nov,1,,1,,,1,,Unknown (skeletal remains)
42793,US-Mexico Border,12-Nov-16,2016,Nov,1,,1,,,1,,Excessive Physical Abuse
42765,Central America,11-Nov-16,2016,Nov,1,,1,,,1,,Fall from train
42762,Central America,10-Nov-16,2016,Nov,1,,1,,1,,,Cervical cancer
43541,US-Mexico Border,9-Nov-16,2016,Nov,1,,1,,,1,,Unknown (skeletal remains)
42785,Caribbean,6-Nov-16,2016,Nov,,19,19,,,,,Unknown
42761,US-Mexico Border,4-Nov-16,2016,Nov,1,,1,,,1,,Drowning
43532,US-Mexico Border,4-Nov-16,2016,Nov,1,,1,,,1,,Unknown (skeletal remains)
42776,South America,31-Oct-16,2016,Oct,1,,1,,1,,,Presumed hypothermia
42802,Caribbean,31-Oct-16,2016,Oct,1,5,6,7,,1,,Dehydration
42839,Central America,28-Oct-16,2016,Oct,1,,1,1,,1,,Fall from train
44368,US-Mexico Border,28-Oct-16,2016,Oct,1,,1,,,1,,Unknown
43527,US-Mexico Border,27-Oct-16,2016,Oct,1,,1,,,1,,Unknown (mummified remains)
43526,US-Mexico Border,25-Oct-16,2016,Oct,1,,1,,,1,,Unknown (skeletal remains)
42726,US-Mexico Border,24-Oct-16,2016,Oct,2,,2,,,1,,Drowning
43525,US-Mexico Border,24-Oct-16,2016,Oct,1,,1,,,1,,Unknown (skeletal remains)
42734,Central America,23-Oct-16,2016,Oct,44,,44,,,,10,Mixed
42741,US-Mexico Border,23-Oct-16,2016,Oct,1,,1,,,1,,Drowning
42740,US-Mexico Border,22-Oct-16,2016,Oct,1,,1,,,1,,Drowning
43523,US-Mexico Border,22-Oct-16,2016,Oct,1,,1,,,1,,Unknown (skeletal remains)
42781,Central America,21-Oct-16,2016,Oct,1,,1,,,1,,Hit by vehicle
42714,US-Mexico Border,19-Oct-16,2016,Oct,1,,1,,,1,,Drowning
42735,Central America,19-Oct-16,2016,Oct,1,,1,1,,1,1,Fall from train
42806,US-Mexico Border,19-Oct-16,2016,Oct,1,,1,,,1,,Unknown (skeletal remains)
43502,US-Mexico Border,19-Oct-16,2016,Oct,1,,1,,1,,,Unknown (skeletal remains)
42737,Caribbean,18-Oct-16,2016,Oct,,1,1,,,1,,Presumed drowning
42743,Central America,14-Oct-16,2016,Oct,1,,1,,,1,,Fall from train
43486,US-Mexico Border,14-Oct-16,2016,Oct,1,,1,,,1,,Unknown (skeletal remains)
43487,US-Mexico Border,14-Oct-16,2016,Oct,1,,1,,1,,,Unknown (skeletal remains)
43488,US-Mexico Border,14-Oct-16,2016,Oct,1,,1,,,1,,Unknown (skeletal remains)
43489,US-Mexico Border,14-Oct-16,2016,Oct,1,,1,,,1,,Unknown (skeletal remains)
42721,US-Mexico Border,12-Oct-16,2016,Oct,1,,1,,,1,,Drowning
43485,US-Mexico Border,12-Oct-16,2016,Oct,1,,1,,,1,,Unknown (skeletal remains)
45841,South America,12-Oct-16,2016,Oct,1,,1,,1,,,Unknown
42729,US-Mexico Border,11-Oct-16,2016,Oct,1,,1,,,1,,Drowning
43474,US-Mexico Border,10-Oct-16,2016,Oct,1,,1,,,1,,Unknown (skeletal remains)
43475,US-Mexico Border,10-Oct-16,2016,Oct,1,,1,,,1,,Unknown (skeletal remains)
42717,Central America,9-Oct-16,2016,Oct,1,,1,,,1,,Drowning
43473,US-Mexico Border,6-Oct-16,2016,Oct,1,,1,,,1,,Unknown (skeletal remains)
42715,Central America,4-Oct-16,2016,Oct,,,0,,,,,"Dehydration, Asphyxiation"
42716,Central America,4-Oct-16,2016,Oct,6,,6,60,,1,5,"Dehydration, Asphyxiation"
43469,US-Mexico Border,2-Oct-16,2016,Oct,1,,1,,,1,,Unknown (skeletal remains)
44529,US-Mexico Border,2-Oct-16,2016,Oct,1,,1,,,1,,Dehydration
42766,South America,30-Sep-16,2016,Sep,1,,1,,,1,,Cardiac arrest
43464,US-Mexico Border,30-Sep-16,2016,Sep,1,,1,,1,,,Unknown (skeletal remains)
42708,US-Mexico Border,28-Sep-16,2016,Sep,1,,1,,,1,,Drowning
43463,US-Mexico Border,27-Sep-16,2016,Sep,1,,1,,,,,Unknown (skeletal remains)
42705,US-Mexico Border,24-Sep-16,2016,Sep,,1,1,,,1,1,Presumed drowning
43459,US-Mexico Border,23-Sep-16,2016,Sep,1,,1,,,,,Unknown (skeletal remains)
43457,US-Mexico Border,22-Sep-16,2016,Sep,1,,1,,,1,,Unknown (decomposed remains)
43458,US-Mexico Border,22-Sep-16,2016,Sep,1,,1,,,1,,Unknown (skeletal remains)
42687,Central America,21-Sep-16,2016,Sep,1,,1,,,1,,Fall from train
42722,Caribbean,21-Sep-16,2016,Sep,5,15,20,3,2,3,,Drowning
42774,Central America,21-Sep-16,2016,Sep,1,,1,,1,,,Unknown
42847,Central America,21-Sep-16,2016,Sep,1,,1,,,1,,Sickness and lack of access to medicines
43456,US-Mexico Border,21-Sep-16,2016,Sep,1,,1,,,1,,Unknown (skeletal remains)
43449,US-Mexico Border,20-Sep-16,2016,Sep,1,,1,,,1,,Unknown (skeletal remains)
43450,US-Mexico Border,20-Sep-16,2016,Sep,1,,1,,,1,,Unknown (skeletal remains)
43451,US-Mexico Border,20-Sep-16,2016,Sep,1,,1,,,1,,Unknown (skeletal remains)
42719,US-Mexico Border,19-Sep-16,2016,Sep,1,,1,,,1,,Drowning
43447,US-Mexico Border,19-Sep-16,2016,Sep,25,,25,,,,,Mixed
43448,US-Mexico Border,19-Sep-16,2016,Sep,1,,1,,,1,,Unknown (skeletal remains)
43440,US-Mexico Border,17-Sep-16,2016,Sep,1,,1,,,1,,Unknown (skeletal remains)
42700,South America,16-Sep-16,2016,Sep,8,,8,,,,,Mixed
42944,US-Mexico Border,16-Sep-16,2016,Sep,1,,1,,,1,,Unknown
43437,US-Mexico Border,14-Sep-16,2016,Sep,1,,1,,,1,,Unknown (skeletal remains)
43435,US-Mexico Border,13-Sep-16,2016,Sep,1,,1,,,1,,Presumed hyperthermia
43436,US-Mexico Border,13-Sep-16,2016,Sep,1,,1,,,1,,Unknown (skeletal remains)
42699,Central America,12-Sep-16,2016,Sep,1,,1,,,1,,Respiratory illness
43433,US-Mexico Border,12-Sep-16,2016,Sep,1,,1,,,1,,Unknown (skeletal remains)
43434,US-Mexico Border,12-Sep-16,2016,Sep,1,,1,,,1,,Unknown (skeletal remains)
42704,US-Mexico Border,11-Sep-16,2016,Sep,1,,1,,,1,,Drowning
43432,US-Mexico Border,11-Sep-16,2016,Sep,1,,1,,,1,,Unknown (skeletal remains)
42701,US-Mexico Border,10-Sep-16,2016,Sep,1,,1,,,1,,Drowning
42683,Central America,8-Sep-16,2016,Sep,1,,1,,,1,,Cardiac arrest
42698,South America,8-Sep-16,2016,Sep,2,,2,,1,1,,"Violence, Rape"
42707,US-Mexico Border,8-Sep-16,2016,Sep,1,,1,,,1,,Drowning
43428,US-Mexico Border,7-Sep-16,2016,Sep,1,,1,,,1,,Unknown (skeletal remains)
43429,US-Mexico Border,7-Sep-16,2016,Sep,1,,1,,,1,,Unknown (skeletal remains)
43427,US-Mexico Border,6-Sep-16,2016,Sep,1,,1,,,1,,Unknown (skeletal remains)
42678,US-Mexico Border,3-Sep-16,2016,Sep,1,,1,,,1,,Drowning
42807,US-Mexico Border,3-Sep-16,2016,Sep,1,,1,,,,,Unknown
42936,US-Mexico Border,3-Sep-16,2016,Sep,1,,1,,,1,,Unknown
42696,Central America,2-Sep-16,2016,Sep,3,,3,,,,1,Unknown
42697,US-Mexico Border,2-Sep-16,2016,Sep,1,,1,,,1,,Hit by vehicle
43424,US-Mexico Border,2-Sep-16,2016,Sep,1,,1,,,1,,Unknown (skeletal remains)
43425,US-Mexico Border,2-Sep-16,2016,Sep,1,,1,,,1,,Unknown (skeletal remains)
42654,US-Mexico Border,31-Aug-16,2016,Aug,6,,6,26,5,1,5,Vehicle Accident
43416,US-Mexico Border,30-Aug-16,2016,Aug,1,,1,,,1,,Unknown (skeletal remains)
42681,US-Mexico Border,29-Aug-16,2016,Aug,1,,1,,,1,,Drowning
42670,Central America,28-Aug-16,2016,Aug,1,,1,,,1,,Fall from train
42709,Central America,28-Aug-16,2016,Aug,1,,1,,,1,1,Fall from train
42695,South America,27-Aug-16,2016,Aug,1,,1,,1,,,Pulmonary edema and renal insufficiency
43415,US-Mexico Border,27-Aug-16,2016,Aug,1,,1,,,1,,Hyperthermia
42675,US-Mexico Border,26-Aug-16,2016,Aug,1,,1,,,1,,Drowning
42690,US-Mexico Border,26-Aug-16,2016,Aug,1,,1,,,1,,Drowning
43414,US-Mexico Border,26-Aug-16,2016,Aug,1,,1,,,1,,Unknown (skeletal remains)
43413,US-Mexico Border,24-Aug-16,2016,Aug,1,,1,,,1,,Unknown (skeletal remains)
43412,US-Mexico Border,23-Aug-16,2016,Aug,1,,1,,,,,Unknown (skeletal remains)
42661,US-Mexico Border,22-Aug-16,2016,Aug,1,,1,,,1,,Drowning
43411,US-Mexico Border,21-Aug-16,2016,Aug,1,,1,,,1,,Unknown (skeletal remains)
42676,Central America,20-Aug-16,2016,Aug,1,,1,,1,,,"Pulmonary edema and renal insufficiency, Sickness and lack of access to medicines"
42689,South America,19-Aug-16,2016,Aug,1,,1,,1,,,Cardiac arrest
42656,Central America,17-Aug-16,2016,Aug,3,,3,,,3,,Vehicle Accident
42649,US-Mexico Border,16-Aug-16,2016,Aug,1,,1,,,1,,Dehydration
42688,South America,15-Aug-16,2016,Aug,1,,1,,,1,,Hypothermia
42739,US-Mexico Border,13-Aug-16,2016,Aug,1,,1,,,1,,Presumed drowning
42669,Central America,12-Aug-16,2016,Aug,1,,1,,1,,,Dehydration
42653,Central America,11-Aug-16,2016,Aug,6,,6,,1,,1,Unknown
42629,US-Mexico Border,10-Aug-16,2016,Aug,1,,1,1,,,,Presumed hyperthermia
42630,US-Mexico Border,10-Aug-16,2016,Aug,1,,1,,,,,Presumed hyperthermia
42659,US-Mexico Border,10-Aug-16,2016,Aug,1,,1,,,1,,Dehydration
43390,US-Mexico Border,9-Aug-16,2016,Aug,1,,1,,,1,,Presumed hyperthermia
42643,US-Mexico Border,8-Aug-16,2016,Aug,1,,1,,,,,Drowning
42644,US-Mexico Border,8-Aug-16,2016,Aug,1,,1,,,1,,Presumed hyperthermia/dehydration
42810,US-Mexico Border,8-Aug-16,2016,Aug,1,,1,,,1,,Unknown
43388,US-Mexico Border,8-Aug-16,2016,Aug,1,,1,,,1,,Unknown (skeletal remains)
43389,US-Mexico Border,8-Aug-16,2016,Aug,1,,1,,,1,,Unknown (skeletal remains)
42634,Central America,7-Aug-16,2016,Aug,1,,1,,1,,,Fall from train
42657,US-Mexico Border,7-Aug-16,2016,Aug,1,,1,,,1,,Drowning
43387,US-Mexico Border,7-Aug-16,2016,Aug,1,,1,,,1,,Hyperthermia
42673,US-Mexico Border,6-Aug-16,2016,Aug,1,,1,,,1,,Presumed hyperthermia/dehydration
43384,US-Mexico Border,6-Aug-16,2016,Aug,1,,1,,,1,,Unknown (skeletal remains)
43385,US-Mexico Border,6-Aug-16,2016,Aug,1,,1,,,1,,Unknown (skeletal remains)
43386,US-Mexico Border,6-Aug-16,2016,Aug,1,,1,,,1,,Unknown (skeletal remains)
42646,US-Mexico Border,4-Aug-16,2016,Aug,1,,1,,,1,,Dehydration
43383,US-Mexico Border,4-Aug-16,2016,Aug,1,,1,,,1,,Presumed hyperthermia
42639,Central America,3-Aug-16,2016,Aug,2,,2,,,2,,Drowning
42668,Central America,3-Aug-16,2016,Aug,2,,2,,,2,,Murdered
42621,Central America,1-Aug-16,2016,Aug,8,,8,,1,7,,Drowning
42626,US-Mexico Border,1-Aug-16,2016,Aug,1,,1,,,1,,Presumed hyperthermia/dehydration
42637,US-Mexico Border,1-Aug-16,2016,Aug,1,,1,,1,,,Presumed hyperthermia/dehydration
42662,Central America,1-Aug-16,2016,Aug,1,,1,,,1,,Unknown
42663,Central America,1-Aug-16,2016,Aug,1,,1,,,1,,Unknown
43380,US-Mexico Border,1-Aug-16,2016,Aug,1,,1,,1,,,Presumed hyperthermia
43381,US-Mexico Border,1-Aug-16,2016,Aug,1,,1,,,1,,Presumed hyperthermia
43364,US-Mexico Border,31-Jul-16,2016,Jul,1,,1,,,,,Unknown
43365,US-Mexico Border,31-Jul-16,2016,Jul,1,,1,,,1,,Unknown (skeletal remains)
42647,US-Mexico Border,30-Jul-16,2016,Jul,1,,1,,,,,Unknown
42628,US-Mexico Border,29-Jul-16,2016,Jul,1,,1,,,1,,Drowning
42640,US-Mexico Border,28-Jul-16,2016,Jul,1,,1,,,1,,Drowning
42625,US-Mexico Border,27-Jul-16,2016,Jul,1,,1,,,,,Unknown
42645,US-Mexico Border,27-Jul-16,2016,Jul,1,,1,,,1,,Presumed hyperthermia/dehydration
42614,Central America,26-Jul-16,2016,Jul,1,,1,,,1,,"Poison, Murdered"
43362,US-Mexico Border,26-Jul-16,2016,Jul,1,,1,,,1,,Unknown (multiple blunt force injuries)
43363,US-Mexico Border,26-Jul-16,2016,Jul,1,,1,,,1,,Unknown (skeletal remains)
43361,US-Mexico Border,25-Jul-16,2016,Jul,1,,1,,,1,,Presumed hyperthermia
42612,Central America,24-Jul-16,2016,Jul,1,,1,,,1,,Unknown (decomposed remains)
42616,US-Mexico Border,24-Jul-16,2016,Jul,1,,1,,,1,,Drowning
42615,Central America,23-Jul-16,2016,Jul,1,,1,,,1,,Fall from train
43360,US-Mexico Border,23-Jul-16,2016,Jul,1,,1,,,1,,Hyperthermia
42627,US-Mexico Border,21-Jul-16,2016,Jul,1,,1,,,1,,Drowning
42671,US-Mexico Border,21-Jul-16,2016,Jul,1,,1,,1,,,Hyperthermia
43359,US-Mexico Border,21-Jul-16,2016,Jul,1,,1,,,1,,Presumed hyperthermia
42401,Central America,20-Jul-16,2016,Jul,3,,3,5,1,2,3,Drowning
42607,Caribbean,20-Jul-16,2016,Jul,,2,2,6,,,,Unknown
42846,Central America,20-Jul-16,2016,Jul,,,0,,,,,Drowning
43357,US-Mexico Border,20-Jul-16,2016,Jul,1,,1,,,1,,Unknown (skeletal remains)
42838,US-Mexico Border,19-Jul-16,2016,Jul,1,,1,,,1,,Drowning
43348,US-Mexico Border,19-Jul-16,2016,Jul,1,,1,,,1,,Presumed hyperthermia
43349,US-Mexico Border,19-Jul-16,2016,Jul,1,,1,,,1,,Unknown (mummified remains)
42684,US-Mexico Border,18-Jul-16,2016,Jul,1,,1,,,1,,Drowning
42604,US-Mexico Border,16-Jul-16,2016,Jul,1,,1,,,1,,Unknown
42622,US-Mexico Border,16-Jul-16,2016,Jul,1,,1,,,1,,Drowning
43343,US-Mexico Border,16-Jul-16,2016,Jul,1,,1,,,1,,Unknown
42617,Central America,15-Jul-16,2016,Jul,1,,1,,,,,"Train Accident, Unknown (found dead next to train tracks)"
42638,US-Mexico Border,15-Jul-16,2016,Jul,1,,1,,,1,,Unknown
42752,US-Mexico Border,15-Jul-16,2016,Jul,1,1,2,,,2,,Drowning
43338,US-Mexico Border,15-Jul-16,2016,Jul,1,,1,,,1,,Unknown (skeletal remains)
43339,US-Mexico Border,15-Jul-16,2016,Jul,28,,28,,,,,Mixed
43340,US-Mexico Border,15-Jul-16,2016,Jul,1,,1,,,,,Mixed
42632,US-Mexico Border,14-Jul-16,2016,Jul,1,,1,,,1,,Drowning
42686,Central America,14-Jul-16,2016,Jul,1,,1,,,1,,Drowning
43335,US-Mexico Border,13-Jul-16,2016,Jul,1,,1,,,1,,Presumed hyperthermia
43330,US-Mexico Border,12-Jul-16,2016,Jul,1,,1,,,1,,Presumed hyperthermia
42589,Central America,11-Jul-16,2016,Jul,1,,1,,,1,,"Murdered, Violence"
42608,US-Mexico Border,11-Jul-16,2016,Jul,1,,1,,,1,,Drowning
42856,Caribbean,11-Jul-16,2016,Jul,,15,15,,,,,Presumed drowning
43329,US-Mexico Border,11-Jul-16,2016,Jul,1,,1,,,1,,Presumed hyperthermia
43328,US-Mexico Border,10-Jul-16,2016,Jul,1,,1,,,1,,"Dehydration, Hyperthermia"
42624,Caribbean,9-Jul-16,2016,Jul,1,,1,,,1,,Hit by truck
43326,US-Mexico Border,9-Jul-16,2016,Jul,1,,1,,,1,,Unknown (decomposed remains)
43327,US-Mexico Border,9-Jul-16,2016,Jul,1,,1,,,1,,Presumed hyperthermia
42590,US-Mexico Border,8-Jul-16,2016,Jul,1,,1,,,,,Unknown
42592,US-Mexico Border,8-Jul-16,2016,Jul,1,,1,,,,,Unknown
42863,US-Mexico Border,8-Jul-16,2016,Jul,1,,1,9,,1,,Vehicle Accident
43319,US-Mexico Border,6-Jul-16,2016,Jul,1,,1,,,1,,Unknown (skeletal remains)
42593,US-Mexico Border,5-Jul-16,2016,Jul,1,,1,,,1,,Drowning
43318,US-Mexico Border,5-Jul-16,2016,Jul,1,,1,,,1,,Unknown (skeletal remains)
43316,US-Mexico Border,4-Jul-16,2016,Jul,1,,1,,,1,,Unknown (skeletal remains)
43317,US-Mexico Border,4-Jul-16,2016,Jul,1,,1,,,1,,Presumed hyperthermia
43314,US-Mexico Border,2-Jul-16,2016,Jul,1,,1,,,1,,Unknown (skeletal remains)
42672,US-Mexico Border,1-Jul-16,2016,Jul,,1,1,,1,,,Unknown
42588,Central America,29-Jun-16,2016,Jun,1,,1,,,1,,Hit by train
43305,US-Mexico Border,29-Jun-16,2016,Jun,1,,1,,,1,,Unknown
43304,US-Mexico Border,28-Jun-16,2016,Jun,1,,1,,,1,,Unknown
43303,US-Mexico Border,27-Jun-16,2016,Jun,1,,1,,,1,,Presumed hyperthermia
42606,US-Mexico Border,25-Jun-16,2016,Jun,1,,1,,,1,,Drowning
43302,US-Mexico Border,24-Jun-16,2016,Jun,1,,1,,1,,,Unknown
42631,Central America,23-Jun-16,2016,Jun,1,,1,,,,,Unknown (skeletal remains)
43298,US-Mexico Border,23-Jun-16,2016,Jun,1,,1,,1,,,Hyperthermia
43299,US-Mexico Border,23-Jun-16,2016,Jun,1,,1,,,1,,Presumed hyperthermia
42583,US-Mexico Border,22-Jun-16,2016,Jun,1,,1,,,,,Drowning
43297,US-Mexico Border,20-Jun-16,2016,Jun,1,,1,,,1,,Unknown
42544,US-Mexico Border,19-Jun-16,2016,Jun,1,,1,,,1,,Unknown
42730,US-Mexico Border,17-Jun-16,2016,Jun,1,,1,,1,,1,"Drowning, Asphyxiation"
42598,Central America,16-Jun-16,2016,Jun,1,,1,,,1,,Hit by train
43282,US-Mexico Border,16-Jun-16,2016,Jun,1,,1,,1,,,Accident (non-vehicle)
43283,US-Mexico Border,16-Jun-16,2016,Jun,1,,1,,,1,,Presumed hyperthermia
42498,US-Mexico Border,15-Jun-16,2016,Jun,1,,1,,,1,,Unknown
42521,US-Mexico Border,15-Jun-16,2016,Jun,1,,1,,,1,,Unknown
42541,US-Mexico Border,15-Jun-16,2016,Jun,2,1,3,,,3,,Drowning
42542,US-Mexico Border,15-Jun-16,2016,Jun,1,,1,,,,,Drowning
43276,US-Mexico Border,13-Jun-16,2016,Jun,1,,1,,,1,,Presumed hyperthermia
43265,US-Mexico Border,10-Jun-16,2016,Jun,1,,1,,,,,Drowning
43266,US-Mexico Border,10-Jun-16,2016,Jun,1,,1,,,1,,Presumed hyperthermia
43267,US-Mexico Border,10-Jun-16,2016,Jun,1,,1,,,1,,Presumed hyperthermia
43268,US-Mexico Border,10-Jun-16,2016,Jun,1,,1,,,1,,Presumed hyperthermia
43269,US-Mexico Border,10-Jun-16,2016,Jun,1,,1,,,1,,Presumed hyperthermia
42792,US-Mexico Border,9-Jun-16,2016,Jun,1,,1,2,,1,,Shot
43261,US-Mexico Border,9-Jun-16,2016,Jun,1,,1,,,1,,Presumed hyperthermia
43262,US-Mexico Border,9-Jun-16,2016,Jun,1,,1,,,1,,Unknown
43263,US-Mexico Border,9-Jun-16,2016,Jun,1,,1,,,1,,Shot
42484,Caribbean,7-Jun-16,2016,Jun,1,,1,,,1,,Drowning
42720,US-Mexico Border,7-Jun-16,2016,Jun,1,,1,,,1,,Drowning
43256,US-Mexico Border,7-Jun-16,2016,Jun,1,,1,,,1,,Hyperthermia
43257,US-Mexico Border,7-Jun-16,2016,Jun,1,,1,,,,,Hyperthermia
43258,US-Mexico Border,7-Jun-16,2016,Jun,1,,1,,,,,Unknown
43255,US-Mexico Border,6-Jun-16,2016,Jun,1,,1,,,1,,Hyperthermia
42496,Central America,4-Jun-16,2016,Jun,1,,1,,,1,,Hyperthermia
43252,US-Mexico Border,4-Jun-16,2016,Jun,1,,1,,1,,,Presumed hyperthermia
42597,US-Mexico Border,2-Jun-16,2016,Jun,1,,1,,,1,,Unknown
43251,US-Mexico Border,2-Jun-16,2016,Jun,1,,1,,,1,,Presumed hyperthermia
42522,US-Mexico Border,1-Jun-16,2016,Jun,1,,1,,,1,,Unknown
42605,US-Mexico Border,1-Jun-16,2016,Jun,1,,1,,,1,,Unknown
43249,US-Mexico Border,1-Jun-16,2016,Jun,1,,1,,,1,,Unknown
42600,Central America,31-May-16,2016,May,1,,1,,1,,,Rape
43240,US-Mexico Border,31-May-16,2016,May,1,,1,,,1,,Unknown
43241,US-Mexico Border,31-May-16,2016,May,1,,1,,,1,,Unknown
43242,US-Mexico Border,31-May-16,2016,May,1,,1,,,,,Unknown
42492,US-Mexico Border,30-May-16,2016,May,1,,1,,,1,,Drowning
42538,Central America,29-May-16,2016,May,1,,1,10,1,,,Vehicle Accident
42596,US-Mexico Border,29-May-16,2016,May,1,,1,,,1,,Unknown
42594,US-Mexico Border,27-May-16,2016,May,1,,1,,,1,,Vehicle Accident
43239,US-Mexico Border,26-May-16,2016,May,1,,1,,,1,,Unknown (skeletal remains)
42519,Central America,25-May-16,2016,May,1,,1,,,1,,Hit by vehicle
42860,Caribbean,25-May-16,2016,May,,10,10,19,,,,Presumed drowning
43238,US-Mexico Border,25-May-16,2016,May,1,,1,,,,1,Drowning
42487,Central America,24-May-16,2016,May,1,,1,1,,1,,Murdered
42587,Central America,24-May-16,2016,May,1,,1,,,1,,Hit by train
43237,US-Mexico Border,23-May-16,2016,May,1,,1,,,,,Unknown (skeletal remains)
43236,US-Mexico Border,22-May-16,2016,May,1,,1,,,1,,Vehicle Accident
42517,Central America,20-May-16,2016,May,1,,1,,,1,,Murdered
42756,Central America,20-May-16,2016,May,1,,1,,,1,,Drowning
42481,Central America,19-May-16,2016,May,1,,1,,,1,,"Respiratory illness, Sickness and lack of access to medicines"
42530,US-Mexico Border,18-May-16,2016,May,1,,1,,,,,Unknown
43225,US-Mexico Border,18-May-16,2016,May,1,,1,,,1,,Unknown (skeletal remains)
42836,Central America,17-May-16,2016,May,1,,1,,,1,,Fall from train
42485,Central America,15-May-16,2016,May,1,,1,,,1,,"Pulmonary complications, Sickness and lack of access to medicines"
42763,Central America,15-May-16,2016,May,1,,1,,,1,,"Digestive bleeding, Sickness and lack of access to medicines"
42835,US-Mexico Border,15-May-16,2016,May,1,,1,,,1,,Dehydration
43221,US-Mexico Border,15-May-16,2016,May,1,,1,,,1,,Hypothermia
43222,US-Mexico Border,15-May-16,2016,May,1,,1,,,1,,Unknown (skeletal remains)
42611,Central America,14-May-16,2016,May,1,,1,,,1,,Fall from train
42510,Central America,13-May-16,2016,May,1,,1,,,1,,Unknown
42535,US-Mexico Border,13-May-16,2016,May,1,,1,,,,,Unknown
42725,US-Mexico Border,13-May-16,2016,May,1,,1,,,1,,Drowning
42529,US-Mexico Border,11-May-16,2016,May,1,,1,,,1,,Drowning
42511,Central America,9-May-16,2016,May,1,,1,,,1,,Fall from train
42833,Central America,6-May-16,2016,May,1,,1,,,1,,Fall from train
43216,US-Mexico Border,6-May-16,2016,May,1,,1,,,1,,Unknown (skeletal remains)
42533,US-Mexico Border,3-May-16,2016,May,1,,1,,,1,,Drowning
42537,US-Mexico Border,3-May-16,2016,May,1,,1,,,1,,Drowning
42453,US-Mexico Border,29-Apr-16,2016,Apr,1,,1,,,1,,Drowning
42507,US-Mexico Border,24-Apr-16,2016,Apr,1,,1,,,1,,Drowning
42934,US-Mexico Border,23-Apr-16,2016,Apr,1,,1,,,1,,Unknown
42465,US-Mexico Border,21-Apr-16,2016,Apr,1,,1,,,,,Drowning
42602,Central America,21-Apr-16,2016,Apr,1,,1,,,1,,Murdered
42742,US-Mexico Border,21-Apr-16,2016,Apr,1,,1,,,1,,"Hyperthermia, Dehydration"
42834,Central America,21-Apr-16,2016,Apr,1,,1,,,1,,Hyperthermia
42933,US-Mexico Border,18-Apr-16,2016,Apr,1,,1,,,1,,Unknown
42744,Central America,14-Apr-16,2016,Apr,1,,1,,,1,,Hit by vehicle
42757,US-Mexico Border,12-Apr-16,2016,Apr,1,,1,,,1,,Hit by train
42478,Central America,9-Apr-16,2016,Apr,1,,1,,,1,,Shot
42503,Central America,9-Apr-16,2016,Apr,1,,1,,,1,,Hit by train
42527,US-Mexico Border,8-Apr-16,2016,Apr,1,,1,,,1,,Drowning
42932,US-Mexico Border,8-Apr-16,2016,Apr,1,,1,,,1,,Unknown (skeletal remains)
43192,Central America,8-Apr-16,2016,Apr,1,,1,2,,1,,"Hit by car, Murdered"
42930,US-Mexico Border,7-Apr-16,2016,Apr,2,,2,,,2,,Unknown (skeletal remains)
42931,US-Mexico Border,7-Apr-16,2016,Apr,1,,1,,1,,,Hypothermia
42494,Central America,6-Apr-16,2016,Apr,1,,1,,,,,Fall from train
42840,US-Mexico Border,6-Apr-16,2016,Apr,1,,1,,,1,,Drowning
42428,US-Mexico Border,5-Apr-16,2016,Apr,1,,1,,,1,,Drowning
42747,Caribbean,4-Apr-16,2016,Apr,1,,1,,,1,,Presumed drowning
42928,US-Mexico Border,1-Apr-16,2016,Apr,1,,1,,,1,,Unknown (skeletal remains)
42929,US-Mexico Border,1-Apr-16,2016,Apr,1,,1,,,1,,Unknown (skeletal remains)
43189,Central America,1-Apr-16,2016,Apr,1,,1,,,1,,Cardiac arrest
42475,Central America,31-Mar-16,2016,Mar,4,,4,,,,1,Vehicle Accident
42497,Central America,31-Mar-16,2016,Mar,1,,1,,,1,,Unknown
42767,US-Mexico Border,30-Mar-16,2016,Mar,1,,1,,,1,,Accident (non-vehicle)
44778,US-Mexico Border,28-Mar-16,2016,Mar,2,,2,4,,,,Vehicle Accident
42501,US-Mexico Border,27-Mar-16,2016,Mar,1,,1,,,,,Unknown
42421,US-Mexico Border,26-Mar-16,2016,Mar,1,,1,,,1,,Drowning
42826,Central America,25-Mar-16,2016,Mar,1,,1,,,1,,Unknown
42470,US-Mexico Border,24-Mar-16,2016,Mar,1,,1,,,1,,Vehicle Accident
43183,Central America,22-Mar-16,2016,Mar,1,,1,1,,1,,Violence
42477,Central America,21-Mar-16,2016,Mar,1,,1,,,1,,"Unknown (found dead next to train tracks), Train Accident"
42431,US-Mexico Border,20-Mar-16,2016,Mar,1,,1,,1,,,Unknown
42432,US-Mexico Border,20-Mar-16,2016,Mar,1,,1,,,,,Unknown
42433,US-Mexico Border,20-Mar-16,2016,Mar,1,,1,,,,,Drowning
42482,Central America,20-Mar-16,2016,Mar,1,,1,,,1,,Hit by train
42927,US-Mexico Border,20-Mar-16,2016,Mar,1,,1,,,1,,Unknown (skeletal remains)
42454,US-Mexico Border,19-Mar-16,2016,Mar,1,,1,,,1,,Hit by vehicle
42468,Central America,19-Mar-16,2016,Mar,1,,1,,,1,,Unknown (found dead next to train tracks)
42469,Central America,19-Mar-16,2016,Mar,1,,1,,,1,,Unknown (found dead next to train tracks)
42837,Central America,19-Mar-16,2016,Mar,1,,1,,,1,,Hit by train
42864,Caribbean,19-Mar-16,2016,Mar,9,,9,18,,,,Unknown (found on dinghy)
42926,US-Mexico Border,18-Mar-16,2016,Mar,1,,1,,,1,,Unknown (skeletal remains)
42586,Central America,16-Mar-16,2016,Mar,1,,1,,1,,1,Vehicle Accident
42429,Central America,14-Mar-16,2016,Mar,1,,1,,,1,,Train Accident
42488,US-Mexico Border,14-Mar-16,2016,Mar,1,,1,,,1,,Drowning
42504,Central America,13-Mar-16,2016,Mar,1,,1,,,1,,Hit by train
42534,Central America,10-Mar-16,2016,Mar,1,,1,,,1,,Asphyxiation
42420,US-Mexico Border,8-Mar-16,2016,Mar,1,,1,,,1,,Drowning
42924,US-Mexico Border,7-Mar-16,2016,Mar,1,,1,,,1,,Hypothermia
42925,US-Mexico Border,7-Mar-16,2016,Mar,1,,1,,,1,,Unknown
42923,US-Mexico Border,6-Mar-16,2016,Mar,1,,1,,,1,,Unknown (skeletal remains)
42921,US-Mexico Border,3-Mar-16,2016,Mar,1,,1,,,1,,Unknown (skeletal remains)
42922,US-Mexico Border,3-Mar-16,2016,Mar,1,,1,,,1,,Unknown (skeletal remains)
42920,US-Mexico Border,1-Mar-16,2016,Mar,1,,1,,,1,,Unknown (skeletal remains)
42422,US-Mexico Border,28-Feb-16,2016,Feb,1,,1,,,1,,Drowning
42418,US-Mexico Border,25-Feb-16,2016,Feb,1,,1,,,1,,Drowning
42919,US-Mexico Border,23-Feb-16,2016,Feb,1,,1,,,1,,Unknown (skeletal remains)
42437,US-Mexico Border,21-Feb-16,2016,Feb,1,,1,,,1,,Unknown
42526,US-Mexico Border,19-Feb-16,2016,Feb,1,,1,,,1,,Drowning
42677,Central America,19-Feb-16,2016,Feb,1,,1,,,1,,Fall from train
43099,US-Mexico Border,18-Feb-16,2016,Feb,4,,4,,,4,,Vehicle Accident
42443,Caribbean,17-Feb-16,2016,Feb,,1,1,12,,,,Drowning
42585,Central America,15-Feb-16,2016,Feb,1,,1,11,,,,Vehicle Accident
42536,Central America,14-Feb-16,2016,Feb,1,,1,,,1,,Unknown (found dead next to train tracks)
42543,Central America,14-Feb-16,2016,Feb,1,,1,,,1,,Fall from train
42753,Caribbean,12-Feb-16,2016,Feb,1,25,26,4,,1,,Presumed drowning
42641,US-Mexico Border,9-Feb-16,2016,Feb,1,,1,,,1,,Drowning
43079,US-Mexico Border,9-Feb-16,2016,Feb,11,,11,,,,,Mixed
42491,Central America,8-Feb-16,2016,Feb,1,,1,,,1,,Fall from train
42651,South America,7-Feb-16,2016,Feb,1,,1,,,1,,Killed by landmine blast
42828,Caribbean,1-Feb-16,2016,Feb,1,,1,,,1,,Murdered
42642,US-Mexico Border,31-Jan-16,2016,Jan,1,,1,3,,,,Vehicle Accident
42918,US-Mexico Border,31-Jan-16,2016,Jan,1,,1,,,,,Unknown (skeletal remains)
44394,US-Mexico Border,31-Jan-16,2016,Jan,1,,1,,,1,,Drowning
42480,Central America,30-Jan-16,2016,Jan,1,,1,,,1,,Murdered
42461,US-Mexico Border,29-Jan-16,2016,Jan,1,,1,,,1,,Hypothermia
42916,US-Mexico Border,26-Jan-16,2016,Jan,1,,1,,,1,,Unknown (skeletal remains)
42917,US-Mexico Border,26-Jan-16,2016,Jan,1,,1,,,1,,Unknown (skeletal remains)
42915,US-Mexico Border,25-Jan-16,2016,Jan,1,,1,,,1,,Unknown (skeletal remains)
42410,US-Mexico Border,21-Jan-16,2016,Jan,1,,1,,,1,,Drowning
42489,Caribbean,21-Jan-16,2016,Jan,1,,1,5,,1,,Shot
42610,Central America,20-Jan-16,2016,Jan,1,,1,,,,,Vehicle Accident
42914,US-Mexico Border,17-Jan-16,2016,Jan,1,,1,,,1,,Unknown
42796,US-Mexico Border,13-Jan-16,2016,Jan,1,,1,,,1,,Hypoglycemia
42464,Central America,11-Jan-16,2016,Jan,1,,1,,,1,,Fall from train
42472,South America,11-Jan-16,2016,Jan,9,6,15,15,,,,Drowning
43045,US-Mexico Border,11-Jan-16,2016,Jan,1,,1,,,1,,Unknown
42500,Central America,9-Jan-16,2016,Jan,1,,1,,,1,,Hit by vehicle
42913,US-Mexico Border,9-Jan-16,2016,Jan,1,,1,,,1,,Hypothermia
42808,US-Mexico Border,8-Jan-16,2016,Jan,4,,4,,1,,,Unknown
42911,US-Mexico Border,5-Jan-16,2016,Jan,1,,1,,,1,,Unknown (skeletal remains)
42912,US-Mexico Border,5-Jan-16,2016,Jan,1,,1,,,1,,Unknown (skeletal remains)
42426,Central America,2-Jan-16,2016,Jan,3,,3,,,3,3,Unknown
40562,Caribbean,31-Dec-15,2015,Dec,5,,5,,,2,,Drowning
40652,US-Mexico Border,31-Dec-15,2015,Dec,126,,126,,,,,Mixed
40656,Central America,30-Dec-15,2015,Dec,3,,3,,,,,Murdered
41027,US-Mexico Border,29-Dec-15,2015,Dec,1,,1,,,1,,Unknown (skeletal remains)
41028,US-Mexico Border,29-Dec-15,2015,Dec,1,,1,,1,,,Unknown (skeletal remains)
41029,US-Mexico Border,29-Dec-15,2015,Dec,1,,1,,,1,,Unknown (skeletal remains)
41004,Central America,28-Dec-15,2015,Dec,1,,1,,,1,,Unknown
41026,US-Mexico Border,28-Dec-15,2015,Dec,1,,1,,,1,,Unknown (skeletal remains)
40675,Caribbean,26-Dec-15,2015,Dec,,13,13,,1,12,,Presumed drowning
40524,US-Mexico Border,24-Dec-15,2015,Dec,1,,1,,,1,,Drowning
40653,Central America,18-Dec-15,2015,Dec,1,,1,,,1,,"Murdered, Violence"
40594,Central America,14-Dec-15,2015,Dec,1,0,1,,,1,,Fall from train
40611,Central America,11-Dec-15,2015,Dec,1,,1,,,1,,Cardiac arrest
40644,US-Mexico Border,10-Dec-15,2015,Dec,1,,1,,1,,,Hypothermia
40674,US-Mexico Border,9-Dec-15,2015,Dec,1,,1,,1,,,Presumed drowning
41025,US-Mexico Border,7-Dec-15,2015,Dec,1,,1,,,1,,Unknown (skeletal remains)
41024,US-Mexico Border,4-Dec-15,2015,Dec,1,,1,,,,,Unknown (skeletal remains)
40495,US-Mexico Border,3-Dec-15,2015,Dec,1,,1,,,1,,Drowning
40645,Central America,2-Dec-15,2015,Dec,1,,1,,,1,,"Injuries from boat motor, Vehicle Accident"
40493,US-Mexico Border,1-Dec-15,2015,Dec,1,,1,,,1,,Drowning
40494,US-Mexico Border,1-Dec-15,2015,Dec,1,,1,,,1,,Drowning
41023,US-Mexico Border,29-Nov-15,2015,Nov,1,,1,,,1,,Unknown (skeletal remains)
40490,US-Mexico Border,28-Nov-15,2015,Nov,2,,2,,,2,,Drowning
41073,Central America,28-Nov-15,2015,Nov,4,,4,,,,,Vehicle Accident
40487,US-Mexico Border,26-Nov-15,2015,Nov,1,,1,,,1,,Drowning
40571,US-Mexico Border,24-Nov-15,2015,Nov,1,,1,,,1,,Electrocution
41022,US-Mexico Border,24-Nov-15,2015,Nov,1,,1,,,1,,Unknown (skeletal remains)
40483,US-Mexico Border,21-Nov-15,2015,Nov,1,,1,,,1,,Drowning
40482,US-Mexico Border,20-Nov-15,2015,Nov,1,,1,,,1,,Drowning
41021,US-Mexico Border,20-Nov-15,2015,Nov,1,,1,,,1,,Unknown (skeletal remains)
40477,US-Mexico Border,17-Nov-15,2015,Nov,1,,1,,,1,,Drowning
40479,US-Mexico Border,17-Nov-15,2015,Nov,1,,1,,,1,,Drowning
40999,US-Mexico Border,17-Nov-15,2015,Nov,1,,1,,,1,,Unknown
41020,US-Mexico Border,17-Nov-15,2015,Nov,1,,1,,,1,,Unknown (skeletal remains)
41019,US-Mexico Border,16-Nov-15,2015,Nov,1,,1,,,1,,Unknown (skeletal remains)
40586,Central America,15-Nov-15,2015,Nov,1,,1,,,1,,"Shot, Fall from train"
41018,US-Mexico Border,14-Nov-15,2015,Nov,1,,1,,,1,,Unknown (skeletal remains)
41050,Central America,13-Nov-15,2015,Nov,1,,1,,,1,,Vehicle Accident
41032,Central America,10-Nov-15,2015,Nov,1,,1,,,1,,Unknown
41017,US-Mexico Border,8-Nov-15,2015,Nov,1,,1,,,,,Unknown (skeletal remains)
41016,US-Mexico Border,7-Nov-15,2015,Nov,1,,1,,,1,,Unknown (skeletal remains)
40997,US-Mexico Border,6-Nov-15,2015,Nov,1,,1,,,1,,Unknown
41015,US-Mexico Border,5-Nov-15,2015,Nov,1,,1,,,,,Unknown (skeletal remains)
40593,Central America,3-Nov-15,2015,Nov,1,,1,,,1,1,Fall from train
41014,US-Mexico Border,3-Nov-15,2015,Nov,1,,1,,,1,,Unknown (skeletal remains)
41013,US-Mexico Border,31-Oct-15,2015,Oct,1,,1,,,,,Unknown (skeletal remains)
40458,US-Mexico Border,29-Oct-15,2015,Oct,1,,1,,,,,Drowning
40865,Central America,29-Oct-15,2015,Oct,1,,1,,,1,,Train Accident
41012,US-Mexico Border,29-Oct-15,2015,Oct,1,,1,,,1,,Unknown (skeletal remains)
40609,Central America,26-Oct-15,2015,Oct,1,,1,,,1,,Cardiac arrest
40440,US-Mexico Border,22-Oct-15,2015,Oct,1,,1,,,1,,Drowning
40434,US-Mexico Border,21-Oct-15,2015,Oct,1,,1,,1,,,Drowning
40435,US-Mexico Border,21-Oct-15,2015,Oct,1,,1,,,1,,Drowning
41011,US-Mexico Border,21-Oct-15,2015,Oct,1,,1,,,1,,Unknown (skeletal remains)
40575,US-Mexico Border,20-Oct-15,2015,Oct,1,,1,,1,,,Excessive Physical Abuse
40430,US-Mexico Border,18-Oct-15,2015,Oct,1,,1,,1,,,Drowning
40632,US-Mexico Border,16-Oct-15,2015,Oct,1,,1,,,1,,Hyperthermia
41010,US-Mexico Border,16-Oct-15,2015,Oct,1,,1,,,1,,Unknown (skeletal remains)
41009,US-Mexico Border,15-Oct-15,2015,Oct,1,,1,,,1,,Unknown (skeletal remains)
40424,Central America,14-Oct-15,2015,Oct,1,,1,,,1,,Drowning
40681,US-Mexico Border,14-Oct-15,2015,Oct,1,,1,,,1,,Shot
41008,US-Mexico Border,14-Oct-15,2015,Oct,1,,1,,,1,,Unknown (skeletal remains)
41007,US-Mexico Border,12-Oct-15,2015,Oct,1,,1,,,,,Unknown (skeletal remains)
40422,US-Mexico Border,11-Oct-15,2015,Oct,1,,1,,,1,,Drowning
41058,Central America,9-Oct-15,2015,Oct,3,,3,,,3,,Vehicle Accident
41038,Caribbean,8-Oct-15,2015,Oct,3,,3,,,,,Vehicle Accident
40989,US-Mexico Border,7-Oct-15,2015,Oct,1,,1,,,1,,Unknown
40696,Central America,5-Oct-15,2015,Oct,1,,1,,,1,,Shot
40988,Central America,30-Sep-15,2015,Sep,3,,3,,,3,,Unknown
40694,Central America,29-Sep-15,2015,Sep,1,,1,,,1,,Shot
40986,US-Mexico Border,29-Sep-15,2015,Sep,1,,1,,,,,Unknown
40987,US-Mexico Border,29-Sep-15,2015,Sep,1,,1,,,,,Unknown
40414,US-Mexico Border,28-Sep-15,2015,Sep,1,,1,,,,,Drowning
40984,US-Mexico Border,27-Sep-15,2015,Sep,1,,1,,,,,Unknown
40985,US-Mexico Border,27-Sep-15,2015,Sep,1,,1,,,1,,Unknown
40983,US-Mexico Border,24-Sep-15,2015,Sep,1,,1,,,1,,Unknown
41040,US-Mexico Border,24-Sep-15,2015,Sep,5,,5,11,,,,Vehicle Accident
40697,Central America,23-Sep-15,2015,Sep,1,,1,,,1,,Shot
40866,Central America,22-Sep-15,2015,Sep,2,,2,,,,,Train Accident
40982,US-Mexico Border,22-Sep-15,2015,Sep,1,,1,,,1,,Unknown
40592,Central America,20-Sep-15,2015,Sep,1,,1,,,1,,Fall from train
40981,US-Mexico Border,20-Sep-15,2015,Sep,1,,1,,,1,,Unknown
40980,US-Mexico Border,18-Sep-15,2015,Sep,1,,1,,,1,,Unknown
40401,US-Mexico Border,12-Sep-15,2015,Sep,1,,1,,,1,,Drowning
40977,US-Mexico Border,12-Sep-15,2015,Sep,1,,1,,1,,,Unknown
40854,Central America,10-Sep-15,2015,Sep,1,,1,,,1,,Train Accident
40976,US-Mexico Border,10-Sep-15,2015,Sep,1,,1,,,1,,Unknown
40631,US-Mexico Border,9-Sep-15,2015,Sep,1,,1,,,1,,Hyperthermia
40972,US-Mexico Border,7-Sep-15,2015,Sep,1,,1,,,1,,Unknown
40973,US-Mexico Border,7-Sep-15,2015,Sep,1,,1,,,1,,Unknown
40974,US-Mexico Border,7-Sep-15,2015,Sep,1,,1,,,1,,Unknown
40970,US-Mexico Border,6-Sep-15,2015,Sep,1,,1,,,1,,Unknown
40971,US-Mexico Border,6-Sep-15,2015,Sep,1,,1,,,,,Unknown
40871,US-Mexico Border,5-Sep-15,2015,Sep,1,,1,,1,,,Unknown
40969,US-Mexico Border,5-Sep-15,2015,Sep,1,,1,,,1,,Unknown
40968,US-Mexico Border,3-Sep-15,2015,Sep,1,,1,,,1,,Unknown
40591,Central America,2-Sep-15,2015,Sep,1,,1,,,,,Fall from train
40964,US-Mexico Border,1-Sep-15,2015,Sep,1,,1,,,1,,Unknown
40630,US-Mexico Border,28-Aug-15,2015,Aug,1,,1,,,1,,Hyperthermia
40962,US-Mexico Border,28-Aug-15,2015,Aug,1,,1,,,1,,Unknown
40961,US-Mexico Border,27-Aug-15,2015,Aug,1,,1,,,1,,Unknown
40957,US-Mexico Border,25-Aug-15,2015,Aug,1,,1,,,1,,Unknown
40958,US-Mexico Border,25-Aug-15,2015,Aug,1,,1,,1,,,Unknown
40385,US-Mexico Border,24-Aug-15,2015,Aug,1,,1,,,1,,Drowning
40955,US-Mexico Border,24-Aug-15,2015,Aug,1,,1,,,,,Unknown
40629,US-Mexico Border,23-Aug-15,2015,Aug,1,,1,,,1,,Hyperthermia
40951,US-Mexico Border,22-Aug-15,2015,Aug,1,,1,,,1,,Unknown
40952,US-Mexico Border,22-Aug-15,2015,Aug,1,,1,,,1,,Unknown
40628,US-Mexico Border,21-Aug-15,2015,Aug,1,,1,,,1,,Hyperthermia
40949,US-Mexico Border,21-Aug-15,2015,Aug,1,,1,,,,,Unknown
40950,US-Mexico Border,21-Aug-15,2015,Aug,1,,1,,,1,,Unknown
40627,US-Mexico Border,20-Aug-15,2015,Aug,1,,1,,,1,,Hyperthermia
40948,US-Mexico Border,19-Aug-15,2015,Aug,1,,1,,,,,Unknown
40624,US-Mexico Border,18-Aug-15,2015,Aug,1,,1,,,1,,Hyperthermia
40625,US-Mexico Border,18-Aug-15,2015,Aug,1,,1,,,1,,Hyperthermia
40626,US-Mexico Border,18-Aug-15,2015,Aug,1,,1,,,1,,Hyperthermia
40848,Central America,18-Aug-15,2015,Aug,20,,20,,,,,Train Accident
40380,US-Mexico Border,17-Aug-15,2015,Aug,1,,1,,,1,,Drowning
40945,US-Mexico Border,17-Aug-15,2015,Aug,1,,1,,,1,,Unknown
40947,US-Mexico Border,17-Aug-15,2015,Aug,1,,1,,,1,,Unknown
40944,US-Mexico Border,16-Aug-15,2015,Aug,1,,1,,,1,,Unknown
40378,US-Mexico Border,15-Aug-15,2015,Aug,1,,1,,,1,,Drowning
40377,US-Mexico Border,14-Aug-15,2015,Aug,1,,1,,,1,,Drowning
40623,US-Mexico Border,14-Aug-15,2015,Aug,1,,1,,,1,,Hyperthermia
40622,US-Mexico Border,13-Aug-15,2015,Aug,1,,1,,,1,,Hyperthermia
40590,Central America,11-Aug-15,2015,Aug,1,,1,,,1,,Fall from train
40942,US-Mexico Border,11-Aug-15,2015,Aug,1,,1,,,1,,Unknown
40621,US-Mexico Border,10-Aug-15,2015,Aug,1,,1,,,1,,Hyperthermia
40654,Central America,10-Aug-15,2015,Aug,1,,1,,,1,,Violence
41094,US-Mexico Border,10-Aug-15,2015,Aug,1,,1,,,1,,Violence
40620,US-Mexico Border,8-Aug-15,2015,Aug,1,,1,,,1,,Hyperthermia
41110,US-Mexico Border,7-Aug-15,2015,Aug,1,,1,,,1,,Violence
40619,US-Mexico Border,5-Aug-15,2015,Aug,1,,1,,,1,,Hyperthermia
40618,US-Mexico Border,4-Aug-15,2015,Aug,1,,1,,,1,,Hyperthermia
40695,Central America,4-Aug-15,2015,Aug,1,,1,,,1,,Shot
40853,Central America,4-Aug-15,2015,Aug,1,,1,,,1,,Train Accident
40680,Central America,3-Aug-15,2015,Aug,1,,1,,,1,,Shot
40673,South America,1-Aug-15,2015,Aug,1,,1,,,1,,Presumed drowning
40939,US-Mexico Border,1-Aug-15,2015,Aug,1,,1,,,1,,Unknown
40662,US-Mexico Border,31-Jul-15,2015,Jul,1,,1,,,1,,Murdered
40937,US-Mexico Border,30-Jul-15,2015,Jul,1,,1,,,,,Unknown
40938,US-Mexico Border,30-Jul-15,2015,Jul,1,,1,,,1,,Unknown
40371,US-Mexico Border,29-Jul-15,2015,Jul,1,,1,,,1,,Drowning
40936,US-Mexico Border,29-Jul-15,2015,Jul,1,,1,,,1,,Unknown
40370,US-Mexico Border,28-Jul-15,2015,Jul,1,,1,,,1,,Drowning
40934,US-Mexico Border,28-Jul-15,2015,Jul,2,,2,,,,,Unknown
40935,US-Mexico Border,28-Jul-15,2015,Jul,1,,1,,,1,,Unknown
40589,Central America,23-Jul-15,2015,Jul,1,,1,,,1,,Fall from train
40367,US-Mexico Border,21-Jul-15,2015,Jul,3,,3,,,3,1,Drowning
40931,US-Mexico Border,16-Jul-15,2015,Jul,1,,1,,,1,,Unknown
40573,US-Mexico Border,15-Jul-15,2015,Jul,1,,1,,,1,,Envenomation
40930,US-Mexico Border,14-Jul-15,2015,Jul,1,,1,,,1,,Unknown
40929,US-Mexico Border,11-Jul-15,2015,Jul,1,,1,,,1,,Unknown
40928,US-Mexico Border,9-Jul-15,2015,Jul,1,,1,,,1,,Unknown
40362,US-Mexico Border,7-Jul-15,2015,Jul,1,,1,,,1,1,Drowning
41034,Central America,5-Jul-15,2015,Jul,2,,2,9,,,,Vehicle Accident
41062,Central America,5-Jul-15,2015,Jul,2,,2,,,,,Vehicle Accident
40927,US-Mexico Border,4-Jul-15,2015,Jul,1,,1,,,1,,Unknown
40926,US-Mexico Border,2-Jul-15,2015,Jul,1,,1,,,1,,Unknown
41006,Central America,2-Jul-15,2015,Jul,1,,1,,,1,,Unknown
40922,US-Mexico Border,1-Jul-15,2015,Jul,1,,1,,,1,,Unknown
40923,US-Mexico Border,1-Jul-15,2015,Jul,1,,1,,,,,Unknown
40921,US-Mexico Border,30-Jun-15,2015,Jun,1,,1,,,1,,Unknown
41030,US-Mexico Border,29-Jun-15,2015,Jun,1,,1,,,1,,Unknown (skeletal remains)
40583,US-Mexico Border,28-Jun-15,2015,Jun,1,,1,,,1,,Exposure
40617,US-Mexico Border,27-Jun-15,2015,Jun,1,,1,,,1,,Hyperthermia
40920,US-Mexico Border,27-Jun-15,2015,Jun,1,,1,,,1,,Unknown
41068,Central America,26-Jun-15,2015,Jun,9,,9,6,,,,Vehicle Accident
40360,US-Mexico Border,25-Jun-15,2015,Jun,1,,1,,,1,,Drowning
40582,US-Mexico Border,22-Jun-15,2015,Jun,1,,1,,,1,,Exposure
40358,US-Mexico Border,21-Jun-15,2015,Jun,1,,1,,,1,,Drowning
40581,US-Mexico Border,20-Jun-15,2015,Jun,1,,1,,,1,,Exposure
40643,US-Mexico Border,18-Jun-15,2015,Jun,1,,1,,,1,,Hypothermia
40919,US-Mexico Border,18-Jun-15,2015,Jun,1,,1,,,,,Unknown
41036,US-Mexico Border,18-Jun-15,2015,Jun,1,,1,19,1,,,Vehicle Accident
40642,US-Mexico Border,17-Jun-15,2015,Jun,1,,1,,,1,,Hypothermia
40918,US-Mexico Border,17-Jun-15,2015,Jun,1,,1,,,1,,Unknown
40636,US-Mexico Border,16-Jun-15,2015,Jun,1,,1,,1,,,Hypothermia
40641,US-Mexico Border,16-Jun-15,2015,Jun,1,,1,,,1,,Hypothermia
40852,Central America,16-Jun-15,2015,Jun,1,,1,,,1,,Train Accident
40917,US-Mexico Border,16-Jun-15,2015,Jun,1,,1,,,,,Unknown
40671,Central America,14-Jun-15,2015,Jun,5,,5,,,,,Presumed drowning
40640,US-Mexico Border,13-Jun-15,2015,Jun,1,,1,,,1,,Hypothermia
40916,US-Mexico Border,10-Jun-15,2015,Jun,1,,1,,,1,,Unknown
40616,US-Mexico Border,8-Jun-15,2015,Jun,1,,1,,,1,,Hyperthermia
40915,US-Mexico Border,8-Jun-15,2015,Jun,1,,1,,,,,Unknown
40914,US-Mexico Border,3-Jun-15,2015,Jun,1,,1,,,,,Unknown
41111,Central America,2-Jun-15,2015,Jun,3,,3,117,,,,Violence
40614,US-Mexico Border,1-Jun-15,2015,Jun,1,,1,,1,,,Hyperthermia
40615,US-Mexico Border,1-Jun-15,2015,Jun,1,,1,,,1,,Hyperthermia
40690,Central America,31-May-15,2015,May,1,,1,,,1,,Shot
40912,US-Mexico Border,30-May-15,2015,May,1,,1,,,,,Unknown
40355,US-Mexico Border,28-May-15,2015,May,8,,8,,,,,Drowning
40356,US-Mexico Border,28-May-15,2015,May,,1,1,,,1,,Drowning
40910,US-Mexico Border,28-May-15,2015,May,1,,1,,,1,,Unknown
40911,US-Mexico Border,28-May-15,2015,May,1,,1,,,1,,Unknown
40608,South America,27-May-15,2015,May,1,,1,,,1,,Cardiac arrest
40588,Central America,26-May-15,2015,May,1,,1,,,1,,Fall from boat
40908,US-Mexico Border,22-May-15,2015,May,1,,1,,,,,Unknown
40350,US-Mexico Border,18-May-15,2015,May,1,,1,,,1,,Drowning
40635,US-Mexico Border,12-May-15,2015,May,1,,1,,,1,,Hypothermia
40691,Central America,10-May-15,2015,May,1,,1,2,,1,,Shot
41035,US-Mexico Border,24-Apr-15,2015,Apr,1,,1,,1,,,Vehicle Accident
40904,US-Mexico Border,23-Apr-15,2015,Apr,1,,1,,,1,,Unknown
40905,US-Mexico Border,23-Apr-15,2015,Apr,1,,1,,,,,Unknown
40348,US-Mexico Border,21-Apr-15,2015,Apr,1,,1,,,1,,Drowning
41045,Central America,21-Apr-15,2015,Apr,1,,1,,,1,,Vehicle Accident
40851,Central America,17-Apr-15,2015,Apr,1,,1,,,1,,Train Accident
40343,US-Mexico Border,15-Apr-15,2015,Apr,1,2,3,,2,1,,Drowning
40342,US-Mexico Border,14-Apr-15,2015,Apr,1,,1,,,1,,Drowning
40902,US-Mexico Border,13-Apr-15,2015,Apr,1,,1,,,,,Unknown
40903,US-Mexico Border,13-Apr-15,2015,Apr,1,,1,,,1,,Unknown
40340,Caribbean,11-Apr-15,2015,Apr,,3,3,,1,2,,Drowning
40338,Caribbean,9-Apr-15,2015,Apr,21,19,40,12,6,11,,Drowning
40900,US-Mexico Border,6-Apr-15,2015,Apr,1,,1,,,,,Unknown
40336,Caribbean,3-Apr-15,2015,Apr,1,0,1,10,,1,,Drowning
40899,US-Mexico Border,31-Mar-15,2015,Mar,1,,1,,,1,,Unknown
40898,Central America,29-Mar-15,2015,Mar,1,,1,,,1,,Unknown
40574,US-Mexico Border,26-Mar-15,2015,Mar,1,,1,,,1,,Excessive Physical Abuse
41095,US-Mexico Border,26-Mar-15,2015,Mar,1,,1,,,1,,Violence
40333,US-Mexico Border,17-Mar-15,2015,Mar,1,,1,,,1,,Drowning
40860,Central America,17-Mar-15,2015,Mar,,,0,,,,,Train Accident
40861,Central America,17-Mar-15,2015,Mar,6,,6,269,,,,Train Accident
40896,US-Mexico Border,17-Mar-15,2015,Mar,1,,1,,,1,,Unknown
40897,US-Mexico Border,17-Mar-15,2015,Mar,1,,1,,,1,,Unknown
40332,US-Mexico Border,11-Mar-15,2015,Mar,1,,1,,,,,Drowning
40329,Central America,9-Mar-15,2015,Mar,1,,1,,,1,,Drowning
40326,US-Mexico Border,6-Mar-15,2015,Mar,1,,1,,,1,,Drowning
40327,US-Mexico Border,6-Mar-15,2015,Mar,1,,1,,,1,,Drowning
40533,Central America,6-Mar-15,2015,Mar,1,,1,,,1,,Drowning
40895,US-Mexico Border,6-Mar-15,2015,Mar,1,,1,,,1,,Unknown
40894,Central America,4-Mar-15,2015,Mar,1,,1,,,1,,Unknown
40677,Caribbean,3-Mar-15,2015,Mar,1,,1,,1,,,"Rape, Murdered"
40321,US-Mexico Border,28-Feb-15,2015,Feb,6,,6,,1,4,,Drowning
40893,Central America,24-Feb-15,2015,Feb,1,,1,,,1,,Unknown
40892,US-Mexico Border,23-Feb-15,2015,Feb,1,,1,,,1,,Unknown
40890,US-Mexico Border,21-Feb-15,2015,Feb,1,,1,,1,,,Unknown
40891,US-Mexico Border,21-Feb-15,2015,Feb,1,,1,,1,,,Unknown
40889,US-Mexico Border,18-Feb-15,2015,Feb,1,,1,,,,,Unknown
40317,US-Mexico Border,6-Feb-15,2015,Feb,1,,1,,,1,,Drowning
40888,US-Mexico Border,6-Feb-15,2015,Feb,1,,1,,,1,,Unknown
40315,US-Mexico Border,30-Jan-15,2015,Jan,1,,1,,,1,,Drowning
40887,Caribbean,28-Jan-15,2015,Jan,1,,1,,1,,,Unknown
40885,US-Mexico Border,27-Jan-15,2015,Jan,1,,1,,,1,,Unknown
40886,US-Mexico Border,27-Jan-15,2015,Jan,1,,1,,,1,,Unknown
40884,US-Mexico Border,25-Jan-15,2015,Jan,1,,1,,,1,,Unknown
41033,Central America,20-Jan-15,2015,Jan,1,,1,9,,1,1,Vehicle Accident
40655,Central America,19-Jan-15,2015,Jan,1,,1,,,1,,Murdered
40658,Central America,17-Jan-15,2015,Jan,1,,1,,,1,,Murdered
40882,US-Mexico Border,10-Jan-15,2015,Jan,1,,1,,,1,,Unknown
40881,US-Mexico Border,9-Jan-15,2015,Jan,1,,1,,,,,Unknown
40880,US-Mexico Border,7-Jan-15,2015,Jan,1,,1,,,1,,Unknown
40878,US-Mexico Border,4-Jan-15,2015,Jan,1,,1,,,1,,Unknown
40879,US-Mexico Border,4-Jan-15,2015,Jan,1,,1,,,1,,Unknown
40308,Caribbean,3-Jan-15,2015,Jan,1,0,1,3,0,1,,Drowning
39205,Caribbean,31-Dec-14,2014,Dec,,1,1,,,1,,Drowning
39210,Central America,5-Dec-14,2014,Dec,41,,41,,4,12,,Mixed
39203,Caribbean,17-Oct-14,2014,Oct,,2,2,3,,,,Drowning
39353,Central America,17-Oct-14,2014,Oct,1,,1,,,1,,Fall from train
39204,Caribbean,1-Oct-14,2014,Oct,,2,2,11,,,,Drowning
39281,US-Mexico Border,30-Sep-14,2014,Sep,149,,149,,,,,Mixed
39349,US-Mexico Border,25-Sep-14,2014,Sep,1,0,1,0,,,,Unknown
39346,US-Mexico Border,14-Sep-14,2014,Sep,1,,1,,,1,,Drowning
39347,US-Mexico Border,14-Sep-14,2014,Sep,1,0,1,0,,1,,Hyperthermia
39348,US-Mexico Border,14-Sep-14,2014,Sep,1,0,1,0,,,,Unknown
39226,Central America,12-Sep-14,2014,Sep,1,,1,,,1,,Train Accident
39345,US-Mexico Border,12-Sep-14,2014,Sep,1,0,1,0,,,,Unknown
39344,US-Mexico Border,11-Sep-14,2014,Sep,1,0,1,0,,1,,Unknown
39223,Central America,10-Sep-14,2014,Sep,2,,2,17,,,,Drowning
39224,US-Mexico Border,10-Sep-14,2014,Sep,1,0,1,0,,1,,Unknown
39360,US-Mexico Border,10-Sep-14,2014,Sep,1,0,1,0,,,,Unknown
39352,US-Mexico Border,5-Sep-14,2014,Sep,1,0,1,0,,,,Unknown
39350,US-Mexico Border,2-Sep-14,2014,Sep,1,0,1,0,,,,Unknown
39351,US-Mexico Border,2-Sep-14,2014,Sep,1,0,1,0,,,,Unknown
39201,Caribbean,31-Aug-14,2014,Aug,11,6,17,15,1,1,1,"Drowning, Dehydration"
39209,Central America,31-Aug-14,2014,Aug,64,,64,,,,,Mixed
39272,US-Mexico Border,31-Aug-14,2014,Aug,50,,50,,,,,Mixed
39200,Caribbean,29-Aug-14,2014,Aug,,23,23,,,,,Drowning
39341,US-Mexico Border,28-Aug-14,2014,Aug,1,,1,,,,,Unknown (skeletal remains)
39342,US-Mexico Border,28-Aug-14,2014,Aug,1,,1,,,,,Unknown (skeletal remains)
39199,Caribbean,25-Aug-14,2014,Aug,1,0,1,19,1,,,Drowning
39198,Caribbean,24-Aug-14,2014,Aug,4,5,9,,,4,,Drowning
39340,US-Mexico Border,23-Aug-14,2014,Aug,1,,1,,,1,,Hyperthermia
39339,US-Mexico Border,22-Aug-14,2014,Aug,1,,1,,,,,Unknown (skeletal remains)
39338,US-Mexico Border,18-Aug-14,2014,Aug,1,,1,,,1,,Unknown (skeletal remains)
39337,US-Mexico Border,16-Aug-14,2014,Aug,1,,1,,,,,Unknown (skeletal remains)
39335,US-Mexico Border,5-Aug-14,2014,Aug,1,,1,,,,,Unknown (skeletal remains)
39336,US-Mexico Border,5-Aug-14,2014,Aug,1,,1,,,,,Unknown (skeletal remains)
39334,US-Mexico Border,4-Aug-14,2014,Aug,1,,1,,,1,,Hyperthermia
39333,Central America,3-Aug-14,2014,Aug,1,,1,,,1,,Train Accident
39332,US-Mexico Border,31-Jul-14,2014,Jul,1,,1,,,,,Unknown (skeletal remains)
39222,US-Mexico Border,30-Jul-14,2014,Jul,1,,1,,,1,1,Electrocution
39331,US-Mexico Border,30-Jul-14,2014,Jul,1,,1,,,1,,Unknown (skeletal remains)
39330,US-Mexico Border,28-Jul-14,2014,Jul,1,,1,,,,,Unknown (skeletal remains)
39329,US-Mexico Border,27-Jul-14,2014,Jul,1,,1,,,,,Unknown (skeletal remains)
39328,US-Mexico Border,26-Jul-14,2014,Jul,1,,1,,,1,,Hyperthermia
39327,US-Mexico Border,24-Jul-14,2014,Jul,1,,1,,,,,Unknown (skeletal remains)
39326,US-Mexico Border,17-Jul-14,2014,Jul,1,,1,,,,,Unknown (skeletal remains)
39325,US-Mexico Border,13-Jul-14,2014,Jul,1,,1,,,,,Unknown (skeletal remains)
39323,Central America,7-Jul-14,2014,Jul,1,,1,,,1,,Train Accident
39324,US-Mexico Border,7-Jul-14,2014,Jul,1,,1,,,,,Unknown
39322,US-Mexico Border,5-Jul-14,2014,Jul,1,,1,,,,,Unknown (skeletal remains)
39320,US-Mexico Border,2-Jul-14,2014,Jul,1,,1,,,,,Hyperthermia
39321,US-Mexico Border,2-Jul-14,2014,Jul,1,,1,,,1,,Unknown (skeletal remains)
39319,US-Mexico Border,1-Jul-14,2014,Jul,1,,1,,,1,,Unknown (skeletal remains)
39318,US-Mexico Border,28-Jun-14,2014,Jun,1,,1,,,,,Unknown (skeletal remains)
39317,US-Mexico Border,25-Jun-14,2014,Jun,1,,1,,,,,Unknown (skeletal remains)
39315,US-Mexico Border,19-Jun-14,2014,Jun,1,,1,,,1,,Unknown (skeletal remains)
39316,US-Mexico Border,19-Jun-14,2014,Jun,1,,1,,,1,,Unknown (skeletal remains)
39314,US-Mexico Border,18-Jun-14,2014,Jun,1,,1,,,1,,Hyperthermia
39313,US-Mexico Border,17-Jun-14,2014,Jun,1,,1,,,,,Unknown
39311,US-Mexico Border,14-Jun-14,2014,Jun,1,,1,,,1,,Hyperthermia
39312,US-Mexico Border,14-Jun-14,2014,Jun,1,,1,,,,,Unknown (skeletal remains)
39310,US-Mexico Border,13-Jun-14,2014,Jun,1,,1,,,,,Unknown (skeletal remains)
39306,US-Mexico Border,12-Jun-14,2014,Jun,1,,1,,1,,,Hyperthermia
39307,US-Mexico Border,12-Jun-14,2014,Jun,1,,1,,,,,Unknown (skeletal remains)
39308,US-Mexico Border,12-Jun-14,2014,Jun,1,,1,,,,,Unknown (skeletal remains)
39309,US-Mexico Border,12-Jun-14,2014,Jun,1,,1,,,,,Unknown (skeletal remains)
39304,US-Mexico Border,10-Jun-14,2014,Jun,1,,1,,,1,,Hyperthermia
39305,US-Mexico Border,10-Jun-14,2014,Jun,1,,1,,,,,Unknown (skeletal remains)
39302,US-Mexico Border,9-Jun-14,2014,Jun,1,,1,,,1,,Hyperthermia
39303,US-Mexico Border,9-Jun-14,2014,Jun,1,,1,,,,,Unknown (skeletal remains)
39301,US-Mexico Border,6-Jun-14,2014,Jun,1,,1,,1,,,Unknown (skeletal remains)
39221,US-Mexico Border,3-Jun-14,2014,Jun,1,,1,,,1,,Hyperthermia
39300,US-Mexico Border,1-Jun-14,2014,Jun,1,,1,,,1,,Unknown (skeletal remains)
39298,US-Mexico Border,30-May-14,2014,May,1,,1,,,,,Unknown (skeletal remains)
39299,US-Mexico Border,30-May-14,2014,May,1,,1,,,,,Unknown (skeletal remains)
39220,US-Mexico Border,28-May-14,2014,May,1,,1,,,1,,Unknown (skeletal remains)
39297,US-Mexico Border,27-May-14,2014,May,1,,1,,,1,,Unknown (skeletal remains)
39296,US-Mexico Border,22-May-14,2014,May,1,,1,,,,,Unknown (skeletal remains)
39295,US-Mexico Border,21-May-14,2014,May,1,,1,,,,,Unknown (skeletal remains)
39219,US-Mexico Border,13-May-14,2014,May,1,,1,,,1,,Unknown (skeletal remains)
39294,US-Mexico Border,10-May-14,2014,May,1,,1,,,1,,Unknown (multiple blunt force injuries)
39293,US-Mexico Border,8-May-14,2014,May,1,,1,,,1,,Unknown (skeletal remains)
39292,US-Mexico Border,6-May-14,2014,May,1,,1,,,,,Unknown (skeletal remains)
39197,Caribbean,1-May-14,2014,May,6,3,9,16,,,,Drowning
39291,US-Mexico Border,1-May-14,2014,May,1,,1,,,,,Unknown (skeletal remains)
39290,US-Mexico Border,30-Apr-14,2014,Apr,1,,1,,,,,Unknown (skeletal remains)
39217,US-Mexico Border,27-Apr-14,2014,Apr,1,,1,,,1,,Unknown (multiple blunt force injuries)
39218,US-Mexico Border,27-Apr-14,2014,Apr,1,,1,,,1,,Hyperthermia
39289,US-Mexico Border,23-Apr-14,2014,Apr,1,,1,,,,,Unknown (skeletal remains)
39288,US-Mexico Border,18-Apr-14,2014,Apr,1,,1,,,1,,Unknown (skeletal remains)
39216,Central America,17-Apr-14,2014,Apr,4,,4,3,,,,Violence
39287,US-Mexico Border,17-Apr-14,2014,Apr,1,,1,,,,,Unknown (skeletal remains)
39284,US-Mexico Border,14-Apr-14,2014,Apr,1,,1,,,1,,Unknown
39285,US-Mexico Border,14-Apr-14,2014,Apr,1,,1,,,,,Unknown (skeletal remains)
39286,US-Mexico Border,14-Apr-14,2014,Apr,1,,1,,,,,Unknown (skeletal remains)
39282,US-Mexico Border,10-Apr-14,2014,Apr,1,,1,,,,,Unknown (skeletal remains)
39283,US-Mexico Border,10-Apr-14,2014,Apr,1,,1,,,,,Unknown (skeletal remains)
39215,US-Mexico Border,2-Apr-14,2014,Apr,1,,1,,,1,,Unknown (skeletal remains)
39214,US-Mexico Border,30-Mar-14,2014,Mar,1,,1,,,1,,Fall from border fence
39279,US-Mexico Border,30-Mar-14,2014,Mar,1,,1,,,,,Unknown (skeletal remains)
39280,US-Mexico Border,30-Mar-14,2014,Mar,1,,1,,,,,Unknown (skeletal remains)
39213,Central America,26-Mar-14,2014,Mar,1,,1,,1,,,Vehicle Accident
39276,US-Mexico Border,26-Mar-14,2014,Mar,1,,1,,,,,Unknown (skeletal remains)
39277,US-Mexico Border,26-Mar-14,2014,Mar,1,,1,,,,,Unknown (skeletal remains)
39275,US-Mexico Border,23-Mar-14,2014,Mar,1,,1,,,1,,Unknown (skeletal remains)
39273,US-Mexico Border,15-Mar-14,2014,Mar,1,,1,,,,,Hyperthermia
39274,US-Mexico Border,15-Mar-14,2014,Mar,1,,1,,,,,Unknown (skeletal remains)
39372,US-Mexico Border,11-Mar-14,2014,Mar,1,,1,,1,,1,Suicide
39212,US-Mexico Border,4-Mar-14,2014,Mar,1,,1,,1,,,Hyperthermia
39271,US-Mexico Border,25-Feb-14,2014,Feb,1,,1,,,,,Unknown (skeletal remains)
39270,US-Mexico Border,21-Feb-14,2014,Feb,1,,1,,,,,Unknown (skeletal remains)
39196,Caribbean,20-Feb-14,2014,Feb,8,0,8,0,,,,Drowning
39269,US-Mexico Border,20-Feb-14,2014,Feb,1,,1,,,1,,Unknown
39211,US-Mexico Border,18-Feb-14,2014,Feb,1,,1,2,,1,,Shot
39268,US-Mexico Border,17-Feb-14,2014,Feb,1,,1,,,,,Unknown (skeletal remains)
39266,US-Mexico Border,16-Feb-14,2014,Feb,1,,1,,,,,Unknown (skeletal remains)
39267,US-Mexico Border,16-Feb-14,2014,Feb,1,,1,,,,,Unknown (skeletal remains)
39265,US-Mexico Border,11-Feb-14,2014,Feb,1,,1,,,,,Unknown (skeletal remains)
39195,Caribbean,30-Jan-14,2014,Jan,1,,1,,,1,,Drowning
39263,US-Mexico Border,29-Jan-14,2014,Jan,1,,1,,,,,Unknown (skeletal remains)
39264,US-Mexico Border,29-Jan-14,2014,Jan,1,,1,,,,,Unknown (skeletal remains)
39262,US-Mexico Border,28-Jan-14,2014,Jan,1,,1,,,,,Unknown (skeletal remains)
39208,US-Mexico Border,25-Jan-14,2014,Jan,1,,1,,,1,,Unknown (skeletal remains)
39260,US-Mexico Border,24-Jan-14,2014,Jan,1,,1,,,,,Unknown (skeletal remains)
39261,US-Mexico Border,24-Jan-14,2014,Jan,1,,1,,,,,Unknown (skeletal remains)
39259,US-Mexico Border,22-Jan-14,2014,Jan,1,,1,,,,,Unknown (skeletal remains)
39258,US-Mexico Border,17-Jan-14,2014,Jan,1,,1,,,,,Shot
39207,US-Mexico Border,16-Jan-14,2014,Jan,1,,1,,,1,,Shot
39257,US-Mexico Border,14-Jan-14,2014,Jan,1,,1,,,,,Unknown (skeletal remains)
39256,US-Mexico Border,12-Jan-14,2014,Jan,1,,1,,,,,Unknown (skeletal remains)
39206,US-Mexico Border,6-Jan-14,2014,Jan,1,,1,,,1,,Unknown (skeletal remains)
